gene,n_items,pct_of_items
AGPAT1,1931,7.16
RPS18,1904,7.06
FAP,1479,5.48
ADH1B,1137,4.22
CEMIP,1007,3.73
ICA1,1004,3.72
PDE1C,913,3.38
LMNB1,905,3.36
THBS2,895,3.32
PTPRK,864,3.2
MIF,861,3.19
HMGA2,854,3.17
TSEN34,847,3.14
GREM1,781,2.9
NOMO1,767,2.84
HSPB1,762,2.83
SRPX,757,2.81
CCL11,755,2.8
FCGR3B,740,2.74
BASP1,723,2.68
IL1B,720,2.67
VPS52,720,2.67
CHCHD2,717,2.66
LEP,698,2.59
RPS17,692,2.57
PTGDS,691,2.56
ITGBL1,689,2.55
COL14A1,651,2.41
TYMS,646,2.4
NUSAP1,637,2.36
CLIC4,623,2.31
CCDC80,615,2.28
CCDC175,614,2.28
DCN,602,2.23
CES1,581,2.15
DSP,548,2.03
C1R,547,2.03
CD3E,531,1.97
HLA-DRB1,529,1.96
GSTP1,525,1.95
NCF1,521,1.93
TBC1D3C,511,1.89
PAPPA,509,1.89
HSPA1B,498,1.85
FCN1,492,1.82
C1QA,492,1.82
FMOD,488,1.81
ASB15,479,1.78
SNCA,476,1.76
SMURF1,472,1.75
ACADVL,471,1.75
HSPB2-C11ORF52,454,1.68
PPT2,449,1.66
NCAPG,443,1.64
LIF,443,1.64
SVEP1,442,1.64
TIMP3,440,1.63
ALDH1A3,432,1.6
ARHGAP15,428,1.59
JCHAIN,426,1.58
CD36,425,1.58
HLA-A,422,1.56
PRXL2A,419,1.55
HBB,414,1.53
CDH2,406,1.51
EEF2,394,1.46
LUM,385,1.43
SPARCL1,383,1.42
MGP,381,1.41
F13A1,378,1.4
FYB1,375,1.39
HSP90AA1,372,1.38
HLA-DRA,372,1.38
CHI3L1,365,1.35
PTPRC,365,1.35
ELN,363,1.35
DAPP1,363,1.35
CA12,360,1.33
MAPKAPK2,360,1.33
CALR,359,1.33
FCGR3A,353,1.31
ATP6V1G2-DDX39B,346,1.28
VASN,344,1.28
IL26,344,1.28
HMCN1,339,1.26
MDFI,338,1.25
RPL36A-HNRNPH2,336,1.25
CDK4,335,1.24
NCF4,333,1.23
CST2,333,1.23
ADM,332,1.23
DAG1,332,1.23
HBA2,331,1.23
POSTN,331,1.23
SERPINB2,328,1.22
NISCH,323,1.2
PF4V1,322,1.19
CYP2D6,321,1.19
DDR1,317,1.18
ACTA2,317,1.18
LSP1,316,1.17
MXRA5,315,1.17
RPS4Y2,305,1.13
CCDC85B,304,1.13
GNG5P2,301,1.12
HLA-C,301,1.12
SERPINA1,300,1.11
CD52,300,1.11
HLA-DPA1,299,1.11
TSPAN18,296,1.1
SERPINA9,296,1.1
CYBB,295,1.09
CLTB,292,1.08
CXCL8,291,1.08
MAML1,290,1.08
ALOX5,289,1.07
HLA-F,287,1.06
TP53TG3E,286,1.06
TMEM132A,283,1.05
ANKRD1,281,1.04
C3,280,1.04
GPNMB,276,1.02
MYO1G,276,1.02
AQP2,274,1.02
PPBP,273,1.01
CYP1B1,272,1.01
TFAP2A,269,1.0
SHCBP1,267,0.99
HBA1,266,0.99
PEBP1,265,0.98
TMC3,261,0.97
FGL2,261,0.97
IGFBP2,260,0.96
PINK1,260,0.96
LMAN1L,259,0.96
WDTC1,258,0.96
CHD7,257,0.95
SLC12A7,257,0.95
CCND1,255,0.95
TIMM22,254,0.94
MRPL45,252,0.93
RGS1,251,0.93
CD163,250,0.93
SORL1,248,0.92
COL6A3,248,0.92
PDGFRA,247,0.92
TPGS1,243,0.9
MAGI1,242,0.9
C1QB,242,0.9
COL18A1,241,0.89
CSAG1,239,0.89
TLE5,239,0.89
ITGAL,237,0.88
JUN,233,0.86
PSG5,231,0.86
NUDCD3,230,0.85
SHROOM2,226,0.84
DBNDD2,224,0.83
NPIPB8,224,0.83
FCGR2A,223,0.83
IL10RA,217,0.8
MGAM,217,0.8
PDE4B,215,0.8
AQP9,215,0.8
CFH,213,0.79
ITGAX,212,0.79
ILK,212,0.79
TSLP,212,0.79
CMYA5,211,0.78
MMP3,211,0.78
TC2N,211,0.78
GYPC,211,0.78
TTN,210,0.78
MS4A7,210,0.78
PDK4,209,0.77
CEBPZOS,209,0.77
TUBB,209,0.77
COMP,209,0.77
RSU1,207,0.77
RXFP1,207,0.77
RUNX1T1,206,0.76
RPL3,206,0.76
CD248,206,0.76
TGFBR2,205,0.76
SORBS3,204,0.76
ATP5F1B,202,0.75
CTSL,202,0.75
SELL,201,0.75
PTGS2,200,0.74
SLPI,200,0.74
EIF4G1,199,0.74
DEFA1B,198,0.73
IFITM10,197,0.73
MTHFS,197,0.73
TAF9B,195,0.72
TP53TG3D,194,0.72
ADIPOQ,193,0.72
RPS6,193,0.72
SMIM10L1,192,0.71
SORBS1,190,0.7
SLC2A3,188,0.7
SRY,188,0.7
LEF1,185,0.69
HSPG2,185,0.69
RPS3,185,0.69
ID1,182,0.67
HSPB6,181,0.67
LY6G6F,181,0.67
MYL9,181,0.67
PRR33,180,0.67
RCSD1,180,0.67
CXADR,180,0.67
PRF1,180,0.67
CGNL1,179,0.66
TGM2,178,0.66
SYNE2,178,0.66
HSPA1A,177,0.66
THY1,176,0.65
RAD17,176,0.65
PRKCB,176,0.65
HLA-B,175,0.65
PRUNE2,175,0.65
ADIRF,175,0.65
MAGEA2B,174,0.65
KBTBD12,174,0.65
SOST,173,0.64
EID1,172,0.64
CDK1,171,0.63
SAMD9L,170,0.63
CCL5,169,0.63
BIN2,169,0.63
DEFA3,168,0.62
TP53I3,168,0.62
CSK,168,0.62
SPDYE13,168,0.62
JAML,168,0.62
CDH1,168,0.62
ALPL,166,0.62
C7,166,0.62
GOT1,164,0.61
CD24,164,0.61
NACA2,164,0.61
OR4F17,164,0.61
APOE,164,0.61
FAM83H,164,0.61
C1QC,163,0.6
HK3,163,0.6
EPCAM,162,0.6
CXCL6,162,0.6
FBN2,161,0.6
ID4,161,0.6
NKG7,161,0.6
CSTA,161,0.6
C18ORF32,161,0.6
CAT,160,0.59
CST4,160,0.59
NELL2,159,0.59
SREBF2,159,0.59
FHL2,159,0.59
KRTAP1-5,158,0.59
EFNA1,158,0.59
S100A4,157,0.58
PLIN1,157,0.58
FDFT1,157,0.58
CD2,156,0.58
FKBP8,156,0.58
DENND1C,156,0.58
ACSM5,156,0.58
S100A8,156,0.58
SFRP4,156,0.58
FHL5,155,0.57
ITGB7,154,0.57
ANXA2,154,0.57
LAMA4,154,0.57
CXCL9,153,0.57
ERO1A,153,0.57
SLC4A2,152,0.56
MBP,150,0.56
FOXA1,149,0.55
STRBP,149,0.55
PRR3,148,0.55
SPOCK2,148,0.55
SLC7A2,148,0.55
DUSP29,147,0.55
SMIM42,147,0.55
ALPK3,147,0.55
RHOXF2,146,0.54
RNPS1,146,0.54
PTGS1,146,0.54
TBX3,146,0.54
VIPR1,146,0.54
H4C3,145,0.54
BAX,145,0.54
LRRC15,145,0.54
ARHGAP25,145,0.54
G3BP2,144,0.53
PALLD,144,0.53
MNDA,143,0.53
WFDC13,142,0.53
LRRC74B,142,0.53
AP1M2,142,0.53
EHF,140,0.52
AGR2,140,0.52
MRC2,140,0.52
COL5A3,140,0.52
CDKN1C,140,0.52
PDCD6-AHRR,140,0.52
CXCL1,139,0.52
ST6GAL1,139,0.52
TPSB2,139,0.52
CCL18,138,0.51
RRM2,138,0.51
TINAGL1,137,0.51
TNNI3,136,0.5
CCDC179,136,0.5
AMY1C,136,0.5
AADACL4,136,0.5
EFS,135,0.5
DEFA1,135,0.5
VIM,135,0.5
RPL27,135,0.5
SPRY1,135,0.5
DSC2,134,0.5
RAB34,134,0.5
FERMT2,133,0.49
C4ORF50,132,0.49
COMT,132,0.49
ARL17B,132,0.49
BHLHE40,131,0.49
CSF2RB,129,0.48
C1S,129,0.48
F9,129,0.48
GMPR2,129,0.48
REEP5,129,0.48
MPEG1,129,0.48
ATG9A,128,0.47
AOAH,128,0.47
TNFAIP2,127,0.47
QPRT,127,0.47
IL1RN,126,0.47
BDKRB1,126,0.47
SERPINE2,126,0.47
FNDC1,126,0.47
PTPN13,125,0.46
RNF167,125,0.46
CYTH4,125,0.46
LILRA1,125,0.46
RNF5,124,0.46
C4ORF48,124,0.46
CCL26,124,0.46
MGAM2,124,0.46
PF4,124,0.46
USO1,124,0.46
NES,124,0.46
MTUS1,123,0.46
H4C13,123,0.46
ACAN,123,0.46
FMO2,123,0.46
CSF3,121,0.45
CD14,121,0.45
LILRB2,120,0.44
CYP21A2,120,0.44
DEPDC1,120,0.44
NCR3,120,0.44
C2CD4A,120,0.44
DLGAP2,119,0.44
NOSIP,119,0.44
TRIM39-RPP21,119,0.44
INMT-MINDY4,119,0.44
ANXA3,119,0.44
ADH5,119,0.44
GCG,118,0.44
GPSM3,117,0.43
ITGA4,117,0.43
PKN1,117,0.43
CDK16,116,0.43
PLCB2,116,0.43
CD48,116,0.43
PRSS33,115,0.43
CAVIN1,115,0.43
MMRN1,115,0.43
FBLN5,115,0.43
COL12A1,114,0.42
MS4A6A,114,0.42
TOPBP1,114,0.42
ITGB3,113,0.42
PIK3CG,113,0.42
ITGB4,113,0.42
AARS1,113,0.42
TGFB2,113,0.42
MKI67,113,0.42
APOBR,113,0.42
SH2D1A,113,0.42
IGF2,112,0.42
FAM180B,112,0.42
KIAA0825,112,0.42
MYBL2,112,0.42
TLX1,112,0.42
INPPL1,111,0.41
PRRX1,111,0.41
S100A12,111,0.41
CARD11,110,0.41
GDF5,110,0.41
S100A14,110,0.41
MYOM3,109,0.4
SRM,109,0.4
HTR2A,109,0.4
ANXA10,108,0.4
KEAP1,108,0.4
HRH2,108,0.4
SMARCB1,108,0.4
KIF1A,108,0.4
SIT1,108,0.4
FRMD4B,108,0.4
RPEL1,107,0.4
SMARCD2,106,0.39
VARS1,106,0.39
MYH11,105,0.39
HLA-DQB1,105,0.39
KDM5B,104,0.39
ZFAND3,104,0.39
BCL2L1,104,0.39
SMC3,104,0.39
SLC1A5,103,0.38
DEFB103A,103,0.38
KLHDC7B,103,0.38
FAM153A,102,0.38
ATP10A,102,0.38
H3C15,101,0.37
TPD52L2,101,0.37
LCN10,100,0.37
MTA2,100,0.37
POTEF,100,0.37
FKBP4,100,0.37
RPL3L,99,0.37
CARS1,99,0.37
ATP6V1E1,99,0.37
KCNK15,99,0.37
MME,98,0.36
DAPK1,98,0.36
FAT1,98,0.36
GABBR1,98,0.36
DLGAP5,98,0.36
FASN,98,0.36
TIMMDC1,98,0.36
NPDC1,97,0.36
LPAR1,97,0.36
CACNA1H,97,0.36
TMUB1,97,0.36
SELE,97,0.36
SPI1,97,0.36
ATP2A3,97,0.36
CXCL12,96,0.36
ALOX5AP,96,0.36
CDK7,96,0.36
IER3,96,0.36
MAP2,96,0.36
DOK2,96,0.36
SPDYE17,95,0.35
RPS9,95,0.35
MB,95,0.35
STC1,95,0.35
SLC16A1,95,0.35
SERPINA3,95,0.35
CFHR5,94,0.35
ADH1A,94,0.35
AVP,94,0.35
PDGFRB,94,0.35
LAMA5,94,0.35
COL11A1,93,0.34
PKDCC,93,0.34
SLC8A1,93,0.34
FOS,93,0.34
DYNLRB2,93,0.34
ELF3,92,0.34
SLC35G3,92,0.34
PTPA,92,0.34
PRPF8,92,0.34
ZPLD1,92,0.34
LAMB2,92,0.34
NEFL,92,0.34
PTTG2,91,0.34
BEX3,91,0.34
SLCO1B1,91,0.34
HES1,91,0.34
LYPD8,90,0.33
PLEK,90,0.33
MDH2,89,0.33
KCNT1,89,0.33
CCL15-CCL14,89,0.33
PSMD9,88,0.33
PDLIM1,87,0.32
PTTG1,87,0.32
PCDH18,87,0.32
PRKACA,87,0.32
F13B,86,0.32
EDC4,86,0.32
CD28,86,0.32
ALPK2,86,0.32
LOXL2,86,0.32
MAT2A,85,0.32
TM4SF20,85,0.32
PARVG,85,0.32
PRSS12,85,0.32
CTSS,84,0.31
MCM7,84,0.31
ZNF248,84,0.31
IGF1,84,0.31
VCAM1,84,0.31
ARAF,84,0.31
FEZF2,84,0.31
L1CAM,84,0.31
PKP3,84,0.31
ANTKMT,83,0.31
H1-1,83,0.31
MAGEA2,83,0.31
PPIAL4D,83,0.31
DAXX,83,0.31
LCK,83,0.31
MFNG,82,0.3
ECSCR,82,0.3
ITGAM,82,0.3
RGS18,82,0.3
PLA2G15,82,0.3
DSC1,81,0.3
ABCC1,81,0.3
GPRC5A,81,0.3
SIM2,81,0.3
CDKN1A,81,0.3
AIF1L,81,0.3
HNRNPUL2-BSCL2,81,0.3
TCAF2C,80,0.3
GUCY1A1,80,0.3
SLC40A1,80,0.3
ETV1,80,0.3
IL16,80,0.3
MTPN,80,0.3
EEF1G,79,0.29
H3C4,79,0.29
PLA2G1B,79,0.29
PCDH7,79,0.29
SMG5,79,0.29
NDUFA1,79,0.29
INHBA,78,0.29
ICAM1,78,0.29
SLAMF7,78,0.29
SLIT3,78,0.29
ITM2A,77,0.29
PTPRD,77,0.29
CXCL3,77,0.29
IFI30,77,0.29
TAS2R30,77,0.29
EPB42,77,0.29
DMTN,77,0.29
HIF3A,76,0.28
TNFRSF21,76,0.28
GDF1,76,0.28
AZGP1,76,0.28
SULT1A3,76,0.28
AQP1,76,0.28
LTF,76,0.28
PPP2R1A,76,0.28
FKBP10,75,0.28
GIMAP5,75,0.28
SCGB1D2,75,0.28
TERT,75,0.28
CSF2,75,0.28
PPP1R16B,75,0.28
GATAD2B,75,0.28
VNN2,75,0.28
GUCA1C,74,0.27
ARHGEF2,74,0.27
IFNA1,74,0.27
GPS1,74,0.27
BAD,74,0.27
MSRA,74,0.27
SPEG,74,0.27
WDFY4,73,0.27
PDLIM3,73,0.27
HNRNPCL4,73,0.27
TNIP3,73,0.27
TMEM233,73,0.27
IGF2R,73,0.27
MYOC,72,0.27
CDSN,72,0.27
ARHGEF12,71,0.26
IGSF9B,71,0.26
SHC2,71,0.26
HOMER1,71,0.26
BMF,71,0.26
OXCT1,71,0.26
RWDD2B,71,0.26
GAGE12B,71,0.26
IGFBP5,71,0.26
TYMP,70,0.26
ACSL5,70,0.26
SLFN11,70,0.26
MAGEA6,70,0.26
DPYSL3,70,0.26
TBC1D3G,70,0.26
MFAP4,70,0.26
BCL2L13,70,0.26
LAMP1,70,0.26
ASPM,69,0.26
TRPM1,69,0.26
COL15A1,69,0.26
DPT,69,0.26
CFAP61,69,0.26
H2BK1,69,0.26
MEF2C,69,0.26
TPM1,69,0.26
TRIM22,68,0.25
ABCF1,68,0.25
MYBPC1,68,0.25
MBTPS1,68,0.25
IHO1,68,0.25
ADGRG7,68,0.25
TUBB1,68,0.25
TAS2R9,68,0.25
IL2RG,68,0.25
PRLH,68,0.25
MOG,67,0.25
LILRA6,67,0.25
PDLIM4,67,0.25
RING1,67,0.25
HEPH,67,0.25
PRRC2A,66,0.24
PKIG,66,0.24
CPLX3,66,0.24
NDUFA13,66,0.24
CFB,66,0.24
RPL26,66,0.24
IL24,66,0.24
HMOX1,65,0.24
RASAL3,65,0.24
CD300A,65,0.24
PRAMEF9,65,0.24
EIF3A,65,0.24
SULF1,65,0.24
KRT32,65,0.24
NPNT,65,0.24
CD53,65,0.24
MYO1F,65,0.24
MYL2,64,0.24
GFOD1,64,0.24
ECRG4,64,0.24
CHP1,64,0.24
PGA5,64,0.24
CHI3L2,64,0.24
PHGR1,64,0.24
ATP1A2,64,0.24
SYT7,64,0.24
VDAC2,64,0.24
H2AC18,63,0.23
PDX1,63,0.23
NFIX,63,0.23
HLA-DRB5,63,0.23
H4C11,63,0.23
OR2B3,63,0.23
SLC1A3,63,0.23
PSMB3,63,0.23
PLAT,63,0.23
PRG4,63,0.23
CCNL1,63,0.23
AOX1,62,0.23
SLC22A7,62,0.23
APOC4-APOC2,62,0.23
IER2,62,0.23
B3GALT6,62,0.23
TRPA1,62,0.23
KRT17,62,0.23
SBNO2,62,0.23
ETDC,62,0.23
ADAMTS12,62,0.23
APOL3,61,0.23
TYR,61,0.23
IDI2,61,0.23
TM4SF1,61,0.23
GRINA,61,0.23
MYRFL,61,0.23
BCL2L2,61,0.23
C20ORF202,61,0.23
TSPAN7,61,0.23
KRT19,60,0.22
STUB1,60,0.22
H2BC12L,60,0.22
ADGRG3,60,0.22
ECH1,60,0.22
IGFBP7,60,0.22
LTBP1,60,0.22
TNFRSF12A,60,0.22
ABCA1,60,0.22
PABPC3,60,0.22
IGF1R,60,0.22
SCRN1,59,0.22
LAGE3,59,0.22
PTPRCAP,59,0.22
SPANXN4,59,0.22
POU4F1,59,0.22
FRMPD4,59,0.22
PRAC1,59,0.22
CD151,59,0.22
NT5C,59,0.22
GABRE,59,0.22
IL7R,58,0.22
LGALS9,58,0.22
USP17L22,58,0.22
CMTR1,58,0.22
CCT7,58,0.22
KRT7,58,0.22
CCL3,58,0.22
IL13RA2,58,0.22
EEF1A2,58,0.22
PTGFRN,58,0.22
MINDY4B,57,0.21
PPP1R13B,57,0.21
TRHDE,57,0.21
POLR2A,57,0.21
DNAH2,57,0.21
ATP5F1C,57,0.21
S100A9,57,0.21
WIF1,57,0.21
PAF1,57,0.21
EMILIN1,56,0.21
OR10K1,56,0.21
CRIP2,56,0.21
TOP2A,56,0.21
DKK2,56,0.21
DEFB103B,56,0.21
FUT5,56,0.21
PFKL,56,0.21
PTPN22,56,0.21
DDX52,56,0.21
FHL1,56,0.21
ST14,56,0.21
MRAP,55,0.2
DHH,55,0.2
YAP1,55,0.2
PLCG2,55,0.2
TBC1D3F,55,0.2
TPX2,55,0.2
GFRA1,55,0.2
MXRA8,55,0.2
DGKG,55,0.2
CD4,55,0.2
GCOM1,54,0.2
TNNI2,54,0.2
VCAN,54,0.2
RBFOX2,54,0.2
RNF19B,54,0.2
SBK2,54,0.2
RIPOR2,54,0.2
DND1,54,0.2
SFN,54,0.2
CYTIP,54,0.2
CANX,54,0.2
FTH1,53,0.2
TSPYL6,53,0.2
NEBL,53,0.2
CCL23,53,0.2
PGA4,53,0.2
ABCA8,53,0.2
COL8A1,53,0.2
LILRB5,53,0.2
GJD2,52,0.19
GPR142,52,0.19
CPNE6,52,0.19
TMEM176B,52,0.19
TAP1,52,0.19
MDK,52,0.19
RXFP3,52,0.19
OR8J2,52,0.19
FLNC,52,0.19
VWF,52,0.19
HAS1,52,0.19
TIMP1,52,0.19
HSPA4,52,0.19
MAL2,52,0.19
ADAMTS9,52,0.19
PARP10,51,0.19
CDH19,51,0.19
GRIN1,51,0.19
FGD3,51,0.19
IRS2,51,0.19
PCDH10,51,0.19
GJA8,51,0.19
DTL,51,0.19
UBE2C,51,0.19
RETN,51,0.19
CLDN1,51,0.19
AMELX,51,0.19
NLRP10,51,0.19
SERPINF2,50,0.19
N4BP3,50,0.19
MYH1,50,0.19
SPINK1,50,0.19
SDC2,50,0.19
SEBOX,50,0.19
IP6K3,50,0.19
MYCBP2,50,0.19
CCN5,50,0.19
GPR20,50,0.19
HSPA8,50,0.19
OR51B6,50,0.19
DHFR,50,0.19
YBX3,50,0.19
CER1,49,0.18
TREM1,49,0.18
CCL2,49,0.18
RSAD2,49,0.18
IGFBP3,49,0.18
ZNF511-PRAP1,49,0.18
EDIL3,49,0.18
HNRNPCL1,49,0.18
AHNAK2,49,0.18
LAMC2,49,0.18
PTPRF,49,0.18
TPD52,49,0.18
CELF2,49,0.18
RLBP1,48,0.18
TRARG1,48,0.18
BST2,48,0.18
KRTAP2-2,48,0.18
ATF6B,48,0.18
DST,48,0.18
SLC1A4,48,0.18
FPR1,48,0.18
FAM163A,48,0.18
CCL7,48,0.18
ESR1,48,0.18
SNRPD3,47,0.17
CSAG3,47,0.17
EIF3C,47,0.17
CRYZ,47,0.17
H1-6,47,0.17
MTLN,47,0.17
PGAM4,47,0.17
ARMH2,47,0.17
IGF2BP3,47,0.17
DNAJC15,47,0.17
MGAT2,47,0.17
ATP1B4,47,0.17
P3R3URF,47,0.17
SLC38A8,47,0.17
GPANK1,47,0.17
LRP3,47,0.17
IL1R1,47,0.17
ESRP1,47,0.17
GPRIN3,47,0.17
AFAP1L1,46,0.17
C6,46,0.17
TP53TG3F,46,0.17
DLST,46,0.17
BSG,46,0.17
SPDYE8,46,0.17
LDHC,46,0.17
NFE2L1,46,0.17
SPDYE15,46,0.17
FGFR3,46,0.17
KIF13A,46,0.17
SOD3,46,0.17
AADACL2,46,0.17
CHMP4B,46,0.17
CRYAB,46,0.17
HGF,45,0.17
H2AC15,45,0.17
SMLR1,45,0.17
ITLN1,45,0.17
PCDH11Y,45,0.17
SIPA1L2,45,0.17
MAST2,45,0.17
RASGRP2,45,0.17
TPSD1,45,0.17
DES,45,0.17
LY6L,45,0.17
AHSP,45,0.17
FAM50A,45,0.17
GNA15,45,0.17
TRIM39,44,0.16
AQP12A,44,0.16
HCLS1,44,0.16
MAS1L,44,0.16
HLA-DMA,44,0.16
FGF23,44,0.16
UBR7,44,0.16
LSM2,44,0.16
PTTG1IP2,44,0.16
LCE2A,44,0.16
PSG2,44,0.16
PRKAA1,44,0.16
RAB27B,44,0.16
CCL4L2,44,0.16
CAVIN3,43,0.16
FAM240B,43,0.16
PIK3R5,43,0.16
CCL14,43,0.16
CCR1,43,0.16
LCNL1,43,0.16
COG4,43,0.16
LCN2,43,0.16
GPX3,43,0.16
PAFAH1B3,43,0.16
SPP1,43,0.16
KRT14,43,0.16
FGF17,42,0.16
AHSG,42,0.16
CAV1,42,0.16
CSN1S1,42,0.16
ITPR2,42,0.16
ABCB1,42,0.16
F11R,42,0.16
FOXB2,42,0.16
OR13A1,42,0.16
PPP1R10,42,0.16
MAP2K4,42,0.16
TGFBI,42,0.16
HLA-DQA2,42,0.16
DEFA6,42,0.16
UPK3BL2,42,0.16
RASSF2,42,0.16
RFX5,42,0.16
SFRP1,42,0.16
NFASC,42,0.16
VSIG4,42,0.16
SPACA5,42,0.16
TSPAN8,41,0.15
WNT9B,41,0.15
WNT5A,41,0.15
CSPG4,41,0.15
LYPLA1,41,0.15
OR2A42,41,0.15
RPS10-NUDT3,41,0.15
IKZF1,40,0.15
PSAP,40,0.15
SLC14A1,40,0.15
H3C11,40,0.15
MYH6,40,0.15
OR9A1P,40,0.15
TBC1D3K,40,0.15
FAM166A,40,0.15
CASP1,40,0.15
CCDC110,40,0.15
ANO3,40,0.15
NEUROD2,40,0.15
COL4A4,40,0.15
SPAG11A,40,0.15
MAGEB3,39,0.14
NOTCH4,39,0.14
LAMB3,39,0.14
DEFB136,39,0.14
FAM236D,39,0.14
RBMY1A1,39,0.14
XG,39,0.14
TMEM50B,39,0.14
DUSP5,39,0.14
KRT222,38,0.14
MOAP1,38,0.14
OSCAR,38,0.14
C4ORF54,38,0.14
VEGFA,38,0.14
FSD1,38,0.14
GSN,38,0.14
VSX2,38,0.14
PLXNA2,38,0.14
MICAL2,38,0.14
BRD2,38,0.14
SHISAL2B,38,0.14
CCK,38,0.14
PLP2,38,0.14
PLAGL1,38,0.14
SERPINH1,38,0.14
MMP15,38,0.14
TMEM98,38,0.14
TUG1,38,0.14
LDB2,38,0.14
PRR23A,38,0.14
TNFRSF14,37,0.14
PRPF31,37,0.14
TNR,37,0.14
NR2F2,37,0.14
URGCP-MRPS24,37,0.14
GANAB,37,0.14
THBD,37,0.14
FGR,37,0.14
CCN2,37,0.14
HMX1,37,0.14
FAM240C,37,0.14
FAM111A,37,0.14
TMEM119,37,0.14
LILRB3,37,0.14
VCY1B,37,0.14
RORC,37,0.14
CPHXL2,37,0.14
HRURF,37,0.14
GUCA1ANB,37,0.14
SRGN,37,0.14
SEPTIN9,37,0.14
GIMAP7,36,0.13
SAMSN1,36,0.13
SLC38A1,36,0.13
MYH2,36,0.13
UGT2B4,36,0.13
C11ORF21,36,0.13
RPSA,36,0.13
FXYD6,36,0.13
SAMD9,36,0.13
MRPL14,36,0.13
RANBP3L,36,0.13
BIN1,36,0.13
H2AC6,36,0.13
LILRA4,36,0.13
FAM236C,36,0.13
SLC1A7,36,0.13
KLHL23,36,0.13
ARL5A,36,0.13
CSF1R,36,0.13
MCM3,36,0.13
GPR183,36,0.13
FRAS1,36,0.13
EP300,35,0.13
ABCB5,35,0.13
KLF9,35,0.13
ACTBL2,35,0.13
SPANXA2,35,0.13
IL36B,35,0.13
OR2T33,35,0.13
UBC,35,0.13
TUBA4A,35,0.13
PPM1N,35,0.13
HSP90AB1,35,0.13
OR5K1,35,0.13
TDGF1P3,35,0.13
ECI1,35,0.13
CACNB4,35,0.13
SMAD3,35,0.13
DUSP3,35,0.13
TUBA3D,35,0.13
AMELY,35,0.13
EGFR,35,0.13
RPS16,34,0.13
MFRP,34,0.13
MSRB3,34,0.13
ANKRD2,34,0.13
RYR1,34,0.13
CA2,34,0.13
TUBB2B,34,0.13
SLC35G5,34,0.13
CCT8L2,34,0.13
VAV1,34,0.13
IGFBP6,34,0.13
TFAP2D,34,0.13
GOLGA8G,34,0.13
CIAO3,34,0.13
OR2C3,34,0.13
CTXN3,34,0.13
MSANTD3-TMEFF1,34,0.13
ITGAV,34,0.13
BAMBI,34,0.13
ENDOG,34,0.13
BANF1,34,0.13
MYH15,34,0.13
PRELP,34,0.13
BCAM,34,0.13
TBC1D3E,34,0.13
CA3,33,0.12
LCP1,33,0.12
ISLR,33,0.12
RGS4,33,0.12
TRIM31,33,0.12
PPDPF,33,0.12
NPAS2,33,0.12
CCDC201,33,0.12
CTAGE9,33,0.12
HPGDS,33,0.12
KRT33B,33,0.12
BARHL2,33,0.12
RCN3,33,0.12
ADGRF5,33,0.12
SBK3,33,0.12
KLRC3,33,0.12
SLC24A2,33,0.12
DPEP2NB,33,0.12
CLEC12A,33,0.12
MT1B,33,0.12
KRTAP4-12,33,0.12
MYOM2,33,0.12
RBP1,33,0.12
ERICH3,33,0.12
ALDH2,33,0.12
MYO15B,33,0.12
GALNT5,33,0.12
TP53TG3B,33,0.12
NDN,33,0.12
MAB21L1,33,0.12
TNFRSF8,32,0.12
PIN1,32,0.12
FOXD3,32,0.12
GBP5,32,0.12
COX8C,32,0.12
SUMF1,32,0.12
KRT33A,32,0.12
EPHA5,32,0.12
PKHD1L1,32,0.12
CBX2,32,0.12
NFATC4,32,0.12
KRT20,32,0.12
LAMA3,32,0.12
TMC5,32,0.12
ZYX,32,0.12
DCD,32,0.12
KRT8,32,0.12
LTBP2,32,0.12
LY6G6F-LY6G6D,32,0.12
ZC4H2,32,0.12
WFDC8,32,0.12
MALL,32,0.12
SULF2,31,0.11
UPK3B,31,0.11
PECAM1,31,0.11
RPS4X,31,0.11
BAG6,31,0.11
LEUTX,31,0.11
LAP3,31,0.11
CYP26B1,31,0.11
TMEM247,31,0.11
KRT86,31,0.11
OR2A1,31,0.11
TBC1D3,31,0.11
PAM,31,0.11
CHRNA1,31,0.11
SMCO3,31,0.11
ARHGAP9,31,0.11
BMP10,31,0.11
PRKCSH,31,0.11
OR2A14,31,0.11
TBX4,31,0.11
AMTN,31,0.11
C1QTNF9,31,0.11
UCP2,31,0.11
PLG,31,0.11
ARMS2,31,0.11
LINC02210-CRHR1,31,0.11
UQCRQ,31,0.11
ZNF704,30,0.11
PERM1,30,0.11
ADAT3,30,0.11
ZNF385B,30,0.11
ERG,30,0.11
LMO7,30,0.11
MRPS18B,30,0.11
ARID5B,30,0.11
IFI6,30,0.11
LMNA,30,0.11
SH3KBP1,30,0.11
POTEE,30,0.11
LPL,30,0.11
TSC22D3,30,0.11
PNOC,30,0.11
CDH4,30,0.11
RAD50,30,0.11
TEX55,30,0.11
PLA2G2D,30,0.11
HNRNPH3,30,0.11
FAM25A,30,0.11
A2M,30,0.11
SLAMF1,30,0.11
STRIT1,30,0.11
TMEM130,30,0.11
DDOST,30,0.11
ISY1-RAB43,30,0.11
SPRY4,30,0.11
MSGN1,29,0.11
SLC5A11,29,0.11
NDUFV2,29,0.11
BIVM-ERCC5,29,0.11
SCN3A,29,0.11
FRG2,29,0.11
GRXCR2,29,0.11
OR51Q1,29,0.11
OR5T1,29,0.11
C7ORF25,29,0.11
LRP4,29,0.11
HJV,29,0.11
CHST15,29,0.11
PAK4,29,0.11
TEX54,29,0.11
GABRA4,29,0.11
LCN6,29,0.11
FAT4,29,0.11
CD177,28,0.1
ABCF2-H2BK1,28,0.1
MYBPC2,28,0.1
KIAA1755,28,0.1
CSNKA2IP,28,0.1
OR11A1,28,0.1
GPD1,28,0.1
PCK1,28,0.1
MT1H,28,0.1
DPPA3,28,0.1
SERPINE1,28,0.1
IL36RN,28,0.1
ARHGAP45,28,0.1
CNDP1,28,0.1
MAFF,28,0.1
EEF1AKMT4-ECE2,28,0.1
CADM3,28,0.1
MUC4,28,0.1
RFPL4A,28,0.1
PHGDH,28,0.1
BCL2A1,28,0.1
PTDSS2,28,0.1
OR5P3,28,0.1
GSDMC,28,0.1
STATH,28,0.1
USB1,28,0.1
RYR2,28,0.1
H1-4,28,0.1
ATN1,28,0.1
SLC6A4,28,0.1
NDP,28,0.1
ARHGAP30,28,0.1
C1QTNF7,28,0.1
H2AC19,27,0.1
ATAD3C,27,0.1
SPP2,27,0.1
ARMCX1,27,0.1
MT2A,27,0.1
PAGE2,27,0.1
IFITM1,27,0.1
PSMC3,27,0.1
G0S2,27,0.1
POU5F1B,27,0.1
NRP1,27,0.1
APCDD1L,27,0.1
OR56B2P,27,0.1
OR2T5,27,0.1
LGALS7B,27,0.1
F3,27,0.1
COL1A1,27,0.1
TUSC3,27,0.1
EFCAB9,27,0.1
PAX8,27,0.1
CTSF,27,0.1
SLA,27,0.1
DEFB135,27,0.1
TBX18,27,0.1
MBNL2,26,0.1
TDO2,26,0.1
RPL41,26,0.1
CRABP2,26,0.1
DEFA4,26,0.1
KLHL24,26,0.1
GRN,26,0.1
MBNL1,26,0.1
RGPD5,26,0.1
OR2L13,26,0.1
CD74,26,0.1
CANT1,26,0.1
H2AC12,26,0.1
H2AC13,26,0.1
STAT5B,26,0.1
AATF,26,0.1
GIMAP6,26,0.1
LAPTM4B,26,0.1
AURKAIP1,26,0.1
ATF7-NPFF,26,0.1
TCEAL9,26,0.1
KRTAP1-1,26,0.1
SLIT2,26,0.1
SLC7A14,26,0.1
DPPA5,26,0.1
CYTL1,26,0.1
MT1E,26,0.1
PUDP,26,0.1
PPP4R4,26,0.1
ZDHHC16,26,0.1
WNK2,26,0.1
ST8SIA6,26,0.1
CYP3A7,26,0.1
STAB1,25,0.09
TNP1,25,0.09
H3-4,25,0.09
H3Y1,25,0.09
S100A6,25,0.09
TMEM259,25,0.09
IFNGR2,25,0.09
UBAP1,25,0.09
IHH,25,0.09
CAPN12,25,0.09
LILRA5,25,0.09
PPCS,25,0.09
ADRA2A,25,0.09
CTSK,25,0.09
HINT3,25,0.09
CAPN11,25,0.09
ADGRE5,25,0.09
H1-2,25,0.09
DAAM1,25,0.09
KIAA0319,25,0.09
ALDH1L1,25,0.09
MLC1,25,0.09
PRAMEF18,25,0.09
KCTD8,25,0.09
OR14L1P,25,0.09
RTP1,25,0.09
DMRTB1,25,0.09
SYDE1,25,0.09
ALDH1A1,25,0.09
HBG1,25,0.09
SOX3,25,0.09
MAGEB5,25,0.09
TAAR5,25,0.09
ABCA10,25,0.09
GOT1L1,25,0.09
NELFE,24,0.09
COLEC10,24,0.09
UGT2A2,24,0.09
CIAO2B,24,0.09
LAMA2,24,0.09
IFNL1,24,0.09
EIF4EBP1,24,0.09
GGTLC3,24,0.09
JPH3,24,0.09
NIBAN2,24,0.09
DOCK10,24,0.09
FN1,24,0.09
CLN8,24,0.09
GABARAP,24,0.09
SELP,24,0.09
GTF2H4,24,0.09
IRF8,24,0.09
CNIH3,24,0.09
MYBPC3,24,0.09
BPI,24,0.09
H3C14,24,0.09
CD300E,24,0.09
CDH11,24,0.09
KRTAP5-4,24,0.09
CCL8,24,0.09
RUNX3,24,0.09
ALOX15,24,0.09
OR52P1,24,0.09
LUZP4,24,0.09
CLU,24,0.09
KLRC4,23,0.09
IAH1,23,0.09
OR2I1P,23,0.09
NTRK3,23,0.09
MCCD1,23,0.09
STK25,23,0.09
PKLR,23,0.09
FBLN2,23,0.09
OGDH,23,0.09
SLC4A1,23,0.09
MYL4,23,0.09
CORO7-PAM16,23,0.09
CPOX,23,0.09
PM20D1,23,0.09
MMP9,23,0.09
S1PR1,23,0.09
SELENOP,23,0.09
KDM6B,23,0.09
CDC14C,23,0.09
MDC1,23,0.09
PTPN1,23,0.09
ZFP57,23,0.09
FAM90A3P,23,0.09
GAS7,23,0.09
RAET1G,23,0.09
INSIG1,23,0.09
NPEPL1,23,0.09
SASH3,23,0.09
C4ORF51,23,0.09
SPINT3,23,0.09
KLRC4-KLRK1,23,0.09
ZXDA,22,0.08
EMB,22,0.08
NKD2,22,0.08
FGA,22,0.08
ABCD2,22,0.08
CHRM4,22,0.08
EEF1E1-BLOC1S5,22,0.08
CYBA,22,0.08
TNC,22,0.08
KRTAP22-1,22,0.08
B2M,22,0.08
CENPF,22,0.08
HES3,22,0.08
LRRC8B,22,0.08
BICC1,22,0.08
STK32A,22,0.08
MUL1,22,0.08
SPEM3,22,0.08
JUND,22,0.08
NFIB,22,0.08
GPC4,22,0.08
ACTC1,22,0.08
PRG2,22,0.08
GOLGA6L2,22,0.08
RAMACL,22,0.08
FAM177B,22,0.08
FMNL1,22,0.08
ZNF311,22,0.08
GREP1,22,0.08
H2AL3,22,0.08
PSMB11,22,0.08
SAA1,22,0.08
TFPT,22,0.08
TFPI2,22,0.08
COL4A6,22,0.08
FCER1G,22,0.08
H3Y2,22,0.08
PMVK,22,0.08
PWWP4,21,0.08
ZNF680,21,0.08
UQCRC1,21,0.08
TMEM210,21,0.08
CCDC102A,21,0.08
ETS1,21,0.08
TOMT,21,0.08
FGD4,21,0.08
VLDLR,21,0.08
U2AF2,21,0.08
ABCA9,21,0.08
CXCR1,21,0.08
CCDC152,21,0.08
FAM90A15P,21,0.08
HBD,21,0.08
PRAMEF25,21,0.08
ADGRL2,21,0.08
CELA2A,21,0.08
UGT1A8,21,0.08
MAFIP,21,0.08
CDC26,21,0.08
TMC8,21,0.08
PIK3AP1,21,0.08
DECR1,21,0.08
HOXC12,21,0.08
LBH,21,0.08
OR9G4,21,0.08
PRSS50,21,0.08
SLC5A8,21,0.08
SLAMF9,21,0.08
AKR1C2,21,0.08
IGSF10,21,0.08
AREG,21,0.08
BHMT2,21,0.08
GNA11,21,0.08
UNC13C,21,0.08
IRAG2,21,0.08
ADH4,21,0.08
TEX53,21,0.08
KIF23,21,0.08
TLR4,21,0.08
BCL9L,21,0.08
TEKT4,21,0.08
DMAC1,21,0.08
AWAT2,21,0.08
IGLL5,21,0.08
TBXT,20,0.07
SPTSSB,20,0.07
GOLGA7,20,0.07
PLIN4,20,0.07
H2BC3,20,0.07
NME4,20,0.07
DAO,20,0.07
PHOX2B,20,0.07
KLK5,20,0.07
BUB1B-PAK6,20,0.07
APOL4,20,0.07
TMEM160,20,0.07
IL34,20,0.07
NCF2,20,0.07
UCHL1,20,0.07
NSMCE3,20,0.07
EPB41,20,0.07
ZFP36,20,0.07
ATXN7L3B,20,0.07
SCARA5,20,0.07
C5ORF46,20,0.07
MTSS1,20,0.07
LYZ,20,0.07
DEFB113,20,0.07
HNF1B,20,0.07
MMP16,20,0.07
TNFRSF13B,20,0.07
CYP2D7,20,0.07
SYT12,20,0.07
PGLYRP3,20,0.07
ACAA1,20,0.07
BCL2L11,20,0.07
SUSD2,20,0.07
SPINT1,20,0.07
ADH1C,20,0.07
SCN1A,20,0.07
OXCT2,20,0.07
MKKS,20,0.07
MS4A4A,20,0.07
NEURL3,20,0.07
CFAP54,20,0.07
HES5,20,0.07
RPRML,20,0.07
GFY,20,0.07
AASDHPPT,20,0.07
RTL8A,20,0.07
ZNF462,20,0.07
MKX,20,0.07
ATP5ME,20,0.07
CTXN2,20,0.07
FAM236B,20,0.07
TAS2R10,20,0.07
TMEM256-PLSCR3,20,0.07
CLEC3A,19,0.07
LIPF,19,0.07
DIO1,19,0.07
KDR,19,0.07
GLT1D1,19,0.07
RLN3,19,0.07
ALOX15B,19,0.07
TNFRSF13C,19,0.07
OR10J3,19,0.07
SLC28A3,19,0.07
LTB,19,0.07
MEST,19,0.07
KRTAP20-2,19,0.07
EPHA2,19,0.07
PPIC,19,0.07
CALD1,19,0.07
NNMT,19,0.07
SIGLEC1,19,0.07
MESP2,19,0.07
DIP2C,19,0.07
TRIM6-TRIM34,19,0.07
SLC2A8,19,0.07
FAM25G,19,0.07
FKBPL,19,0.07
DLX1,19,0.07
HSD11B1,19,0.07
H4C12,19,0.07
CLEC2A,19,0.07
OR5G3,19,0.07
SESN3,19,0.07
MUC2,19,0.07
MUCL1,19,0.07
COL11A2,19,0.07
CCL1,19,0.07
OMD,19,0.07
RPL36,19,0.07
CHST5,19,0.07
RBMY1D,19,0.07
TBC1D28,19,0.07
ST8SIA3,19,0.07
GABRA1,19,0.07
ADGRG1,19,0.07
CTTN,19,0.07
PI16,19,0.07
TSBP1,19,0.07
PYDC5,19,0.07
GDF15,19,0.07
CHCHD10,19,0.07
PTX3,19,0.07
TPBG,19,0.07
GAPDH,19,0.07
GPR179,19,0.07
CABP1,19,0.07
KRTAP20-1,19,0.07
C1ORF122,19,0.07
BPIFB4,18,0.07
TRIM43,18,0.07
A4GALT,18,0.07
CXCL5,18,0.07
SLC5A2,18,0.07
SIGLEC7,18,0.07
CCDC92B,18,0.07
SEMA3C,18,0.07
OR56B4,18,0.07
RIPPLY2,18,0.07
PILRB,18,0.07
OR8K3,18,0.07
PKM,18,0.07
S100A11,18,0.07
CCKBR,18,0.07
TNS1,18,0.07
RHOXF1,18,0.07
CGB8,18,0.07
CAPG,18,0.07
ABCC6,18,0.07
GSG1,18,0.07
MAP4,18,0.07
FAIM2,18,0.07
OR2A25,18,0.07
THEG,18,0.07
IGFN1,18,0.07
VSTM1,18,0.07
OR2A2,18,0.07
KRT31,18,0.07
MINAR2,18,0.07
HTN3,18,0.07
ZNF676,18,0.07
AKAP9,18,0.07
OR8B3,18,0.07
TP53TG3C,18,0.07
ZNF865,18,0.07
NRN1,18,0.07
H2AL1Q,18,0.07
SLC12A1,18,0.07
AKR1C8,18,0.07
TAS2R40,18,0.07
HCRT,18,0.07
RFX6,18,0.07
SKOR2,18,0.07
SSTR5,18,0.07
COL7A1,18,0.07
CT47A7,18,0.07
RBMY1B,18,0.07
ABHD16A,18,0.07
DEFB116,18,0.07
FGL1,18,0.07
KIRREL3,18,0.07
COL16A1,18,0.07
OTC,18,0.07
FSTL1,18,0.07
GGTA1,17,0.06
SUCNR1,17,0.06
DIO2,17,0.06
GBP1,17,0.06
B4GALNT4,17,0.06
TNFAIP6,17,0.06
PADI3,17,0.06
APELA,17,0.06
VSIR,17,0.06
H1-5,17,0.06
RXFP4,17,0.06
SNX7,17,0.06
SMIM15,17,0.06
DEPDC1B,17,0.06
C3ORF80,17,0.06
AIF1,17,0.06
RHEB,17,0.06
RPS25,17,0.06
SLN,17,0.06
NPIPB13,17,0.06
PLSCR4,17,0.06
TNNT2,17,0.06
PAGE2B,17,0.06
NT5C1A,17,0.06
ETDB,17,0.06
FAM90A11P,17,0.06
C10ORF99,17,0.06
NR2F1,17,0.06
NUP85,17,0.06
HCK,17,0.06
DEFB134,17,0.06
LCN1,17,0.06
IFI27,17,0.06
DKK1,17,0.06
CLSTN1,17,0.06
DDO,17,0.06
TMC4,17,0.06
CSRP1,17,0.06
CILP,17,0.06
LCE6A,17,0.06
NCAM1,17,0.06
FAM90A13P,17,0.06
MYL1,17,0.06
OSTN,17,0.06
PLPPR4,17,0.06
SHOX,17,0.06
SORBS2,17,0.06
OR4F3,17,0.06
GP6,17,0.06
LY86,16,0.06
MFSD10,16,0.06
MYOT,16,0.06
PPP1R3C,16,0.06
BRINP3,16,0.06
APOC2,16,0.06
NCS1,16,0.06
ATP13A5,16,0.06
TTYH3,16,0.06
TM4SF19-DYNLT2B,16,0.06
SNRNP70,16,0.06
TXNDC8,16,0.06
LHX9,16,0.06
GPR146,16,0.06
CHRNE,16,0.06
RAX,16,0.06
PRKAB1,16,0.06
ABLIM3,16,0.06
CST1,16,0.06
HMHB1,16,0.06
CCND2,16,0.06
PLEKHM2,16,0.06
FAM90A27P,16,0.06
EOMES,16,0.06
MAZ,16,0.06
FDCSP,16,0.06
KCNAB1,16,0.06
PPP1R9B,16,0.06
PRODH2,16,0.06
GJA9,16,0.06
SMIM34,16,0.06
VDR,16,0.06
FAT2,16,0.06
APBB1IP,16,0.06
ACP7,16,0.06
ANLN,16,0.06
FHOD3,16,0.06
KRTAP5-5,16,0.06
NANOG,16,0.06
TEX15,16,0.06
CPXCR1,16,0.06
ASB18,16,0.06
GAS6,16,0.06
REN,16,0.06
HSPB8,16,0.06
FAM246A,16,0.06
SYK,16,0.06
DIPK1B,16,0.06
CEACAM7,16,0.06
ATP12A,16,0.06
RCAN2,16,0.06
KRTAP4-11,16,0.06
LGALS3BP,16,0.06
CPB1,16,0.06
GREM2,16,0.06
TDRD1,16,0.06
OR5AP2,16,0.06
NUP210,16,0.06
KRTAP10-10,16,0.06
LMOD1,16,0.06
UBE2L6,16,0.06
NT5C1B-RDH14,16,0.06
ETDA,15,0.06
MUC5AC,15,0.06
RAC2,15,0.06
SCAMP1,15,0.06
H2BC15,15,0.06
FLOT2,15,0.06
RBAK-RBAKDN,15,0.06
OTOG,15,0.06
ELF5,15,0.06
MMP14,15,0.06
TMEM95,15,0.06
CSMD1,15,0.06
OR4F4,15,0.06
MOBP,15,0.06
COL10A1,15,0.06
TAFA4,15,0.06
GSDMB,15,0.06
TLN1,15,0.06
ITGB2,15,0.06
GOLGA8F,15,0.06
PHRF1,15,0.06
MIA-RAB4B,15,0.06
TACSTD2,15,0.06
ADI1,15,0.06
TBX1,15,0.06
MBD3L2,15,0.06
LRRC37A,15,0.06
GNG2,15,0.06
ZNF367,15,0.06
NPTX1,15,0.06
RBM6,15,0.06
C20ORF204,15,0.06
TYW3,15,0.06
GSG1L,15,0.06
CMTM5,15,0.06
BTLA,15,0.06
GIMAP8,15,0.06
LY75-CD302,15,0.06
MAP1A,15,0.06
CXCR5,15,0.06
MX2,15,0.06
F8A1,15,0.06
MRGPRG,15,0.06
ALDH3A1,15,0.06
CADPS2,15,0.06
COL3A1,15,0.06
COL6A2,15,0.06
DLG5,15,0.06
SLC26A7,15,0.06
MMP1,15,0.06
PMP2,15,0.06
THSD4,15,0.06
OR12D1,15,0.06
SPOCK1,15,0.06
HLA-E,15,0.06
LGR5,15,0.06
CBS,15,0.06
OGN,15,0.06
RRP12,15,0.06
PROP1,15,0.06
SYNM,15,0.06
CFD,15,0.06
WFDC1,15,0.06
H4C4,15,0.06
KIR3DL1,15,0.06
ZP2,15,0.06
TDRD12,15,0.06
ARHGEF10L,15,0.06
EGR3,15,0.06
ABCA13,15,0.06
CRYM,14,0.05
PTPRT,14,0.05
CRLF1,14,0.05
TRAT1,14,0.05
PIP,14,0.05
PHLDA2,14,0.05
DMRTC1,14,0.05
TBC1D3H,14,0.05
SLC6A19,14,0.05
KCTD11,14,0.05
PIGR,14,0.05
CCDC8,14,0.05
WSCD2,14,0.05
TRIM34,14,0.05
KRTAP16-1,14,0.05
HNF4A,14,0.05
NDRG1,14,0.05
LRP5,14,0.05
CSN2,14,0.05
LCE7A,14,0.05
H2AB3,14,0.05
H2AB2,14,0.05
PAX2,14,0.05
FBLN1,14,0.05
SLCO1B3-SLCO1B7,14,0.05
MACF1,14,0.05
KRTAP17-1,14,0.05
CEP20,14,0.05
LGALS9C,14,0.05
RGS5,14,0.05
TUBA3C,14,0.05
HSPB7,14,0.05
TYROBP,14,0.05
KRTAP4-16,14,0.05
FXYD6-FXYD2,14,0.05
DEFB119,14,0.05
CD86,14,0.05
CROCC2,14,0.05
CCDC144A,14,0.05
SCGB2A2,14,0.05
TPO,14,0.05
RNASE1,14,0.05
RRAGA,14,0.05
SEMA3F,14,0.05
TCIM,14,0.05
OR2T6,14,0.05
SMIM41,14,0.05
RFLNA,14,0.05
IDI1,14,0.05
CLVS1,14,0.05
BEST1,14,0.05
EMP1,14,0.05
DEFB4A,14,0.05
IGHV3OR16-17,14,0.05
DLX2,14,0.05
LLPH,14,0.05
E2F1,14,0.05
GCKR,14,0.05
CLCA2,14,0.05
FOXO4,14,0.05
ADAMTSL1,14,0.05
NRSN2,14,0.05
THBS1,14,0.05
FRG1,14,0.05
ABLIM1,14,0.05
TRAPPC5,14,0.05
CFAP97D1,14,0.05
PLXNB2,14,0.05
SLC51B,14,0.05
MICOS10-NBL1,14,0.05
SERPIND1,14,0.05
PTEN,14,0.05
SPON2,13,0.05
ACP5,13,0.05
SPATA22,13,0.05
CHRM2,13,0.05
ELOVL2,13,0.05
RCVRN,13,0.05
TARM1,13,0.05
ANPEP,13,0.05
LST1,13,0.05
ANO9,13,0.05
OR13H1,13,0.05
SEC61A1,13,0.05
PFN2,13,0.05
HHIPL2,13,0.05
SALL3,13,0.05
MSH5-SAPCD1,13,0.05
MAGED4,13,0.05
DVL3,13,0.05
SCGB1A1,13,0.05
KRTAP1-3,13,0.05
HAPLN2,13,0.05
TEAD2,13,0.05
ERMN,13,0.05
KCNH7,13,0.05
TP53BP2,13,0.05
VPS28,13,0.05
LYPD4,13,0.05
HSPA1L,13,0.05
SCGB3A1,13,0.05
BORCS7-ASMT,13,0.05
PSORS1C1,13,0.05
CPEB1,13,0.05
COL4A3,13,0.05
HSF5,13,0.05
GNGT1,13,0.05
MYL7,13,0.05
ZFP91,13,0.05
RBM38,13,0.05
DEFB107A,13,0.05
GAMT,13,0.05
WFDC11,13,0.05
EVL,13,0.05
LIFR,13,0.05
NPIPB3,13,0.05
CD99L2,13,0.05
STUM,13,0.05
IFNG,13,0.05
SIX5,13,0.05
ZNF80,13,0.05
C1ORF74,13,0.05
FAM180A,13,0.05
TMEM262,13,0.05
GOLGA6L1,13,0.05
OR2J1,13,0.05
TMEM126A,13,0.05
RPH3A,13,0.05
C8A,13,0.05
OR6V1,13,0.05
ITGA2,13,0.05
IL32,13,0.05
HTATSF1,13,0.05
TBC1D9B,13,0.05
CTRB1,13,0.05
TAGLN,13,0.05
SQSTM1,13,0.05
DCHS1,13,0.05
SLC6A8,13,0.05
RAB11FIP1,13,0.05
INS-IGF2,13,0.05
PCDHA1,13,0.05
SLC16A3,13,0.05
SELENBP1,13,0.05
VCY,13,0.05
NPY5R,13,0.05
C14ORF119,13,0.05
DKK3,13,0.05
CACNA2D1,13,0.05
PLA2G4C,12,0.04
RTL1,12,0.04
PTGDR,12,0.04
MARCO,12,0.04
RPS2,12,0.04
OR1Q1,12,0.04
TUB,12,0.04
GOLGA6D,12,0.04
PSMB9,12,0.04
TNFRSF4,12,0.04
CHMP6,12,0.04
DEFB4B,12,0.04
PRM3,12,0.04
TNFRSF9,12,0.04
TXNRD2,12,0.04
IL6,12,0.04
NDUFB10,12,0.04
SLC38A11,12,0.04
KIF20A,12,0.04
TM4SF5,12,0.04
RUSF1,12,0.04
EPB41L3,12,0.04
MCAM,12,0.04
NBEAL2,12,0.04
SIX6,12,0.04
DDIT3,12,0.04
OR2B8P,12,0.04
ERVV-1,12,0.04
STC2,12,0.04
CXORF51B,12,0.04
VWA5B2,12,0.04
WDR74,12,0.04
SMIM43,12,0.04
DERL3,12,0.04
TDRD9,12,0.04
TRIM15,12,0.04
MAF,12,0.04
TEX38,12,0.04
EPDR1,12,0.04
UGT1A10,12,0.04
SPRR2E,12,0.04
CSAG2,12,0.04
ALKAL1,12,0.04
SPANXC,12,0.04
HTR2B,12,0.04
RBM24,12,0.04
GNG11,12,0.04
GSTM5,12,0.04
DTHD1,12,0.04
NLRP14,12,0.04
FGF8,12,0.04
VN1R4,12,0.04
MT-ND2,12,0.04
CDK5,12,0.04
FOXL2NB,12,0.04
RNF144A,12,0.04
BMERB1,12,0.04
HES7,12,0.04
OR10A3,12,0.04
WNT2,12,0.04
CCL4,12,0.04
ZNF444,12,0.04
CNPY3,12,0.04
SLC6A3,12,0.04
TSPO,12,0.04
LHX1,12,0.04
PPARD,12,0.04
DPRX,12,0.04
NTSR1,12,0.04
RRP8,12,0.04
FAM78B,12,0.04
BEND2,12,0.04
BBLN,12,0.04
OSR2,12,0.04
ITGA3,12,0.04
TENM3,12,0.04
CMTM4,12,0.04
KLHL34,12,0.04
CTAGE6,12,0.04
FBXO15,12,0.04
PCDH1,12,0.04
RGS13,12,0.04
PLD4,12,0.04
SERPING1,12,0.04
PGRMC1,12,0.04
RNMT,12,0.04
NIBAN1,12,0.04
PER1,12,0.04
SLC15A4,12,0.04
SPINK7,12,0.04
SMIM38,12,0.04
RAB21,12,0.04
NFKBIZ,12,0.04
KLK3,12,0.04
SBSN,12,0.04
GAL3ST2,12,0.04
SNAI2,11,0.04
ALKBH3,11,0.04
GPSM1,11,0.04
C13ORF42,11,0.04
PNPLA4,11,0.04
GNG12,11,0.04
CCR2,11,0.04
OPALIN,11,0.04
SLC12A3,11,0.04
PRKG2,11,0.04
PLN,11,0.04
PCBP1,11,0.04
DEFB130A,11,0.04
DEFB123,11,0.04
PDCD6IP,11,0.04
BCAR1,11,0.04
NTNG1,11,0.04
ZNF75A,11,0.04
GMFG,11,0.04
HSD17B8,11,0.04
AMN,11,0.04
NTN4,11,0.04
HELT,11,0.04
UCN3,11,0.04
LY75,11,0.04
CRTAC1,11,0.04
GPR35,11,0.04
SHMT1,11,0.04
ATP2B4,11,0.04
ADAMDEC1,11,0.04
PLEKHO1,11,0.04
SULT1C3,11,0.04
NDUFC2,11,0.04
EPPIN-WFDC6,11,0.04
CHRDL1,11,0.04
MBD3L5,11,0.04
SPATC1,11,0.04
MXI1,11,0.04
CYP26A1,11,0.04
NGF,11,0.04
PTGDR2,11,0.04
TBX2,11,0.04
SCGB1D4,11,0.04
CDC25A,11,0.04
PSKH2,11,0.04
SCO2,11,0.04
TPRX2,11,0.04
ASPN,11,0.04
FXR2,11,0.04
PPEF2,11,0.04
AKR1C1,11,0.04
PIEZO2,11,0.04
PPIAL4H,11,0.04
CAMP,11,0.04
DEFB1,11,0.04
SPANXB1,11,0.04
CYP24A1,11,0.04
CYP4B1,11,0.04
PEG10,11,0.04
ZPR1,11,0.04
OR4M2B,11,0.04
SNTG2,11,0.04
TOGARAM2,11,0.04
IL1A,11,0.04
DHRS7C,11,0.04
MT-ND1,11,0.04
PDPN,11,0.04
ZNHIT2,11,0.04
DRD4,11,0.04
NSG1,11,0.04
NACC1,11,0.04
MRC1,11,0.04
TEX28,11,0.04
ZFP41,11,0.04
DHCR24,11,0.04
SHOX2,11,0.04
TRIM55,11,0.04
OPRM1,11,0.04
MYH8,11,0.04
KRTAP4-8,11,0.04
XRCC5,11,0.04
BTBD17,11,0.04
TSPYL5,11,0.04
ZNF251,11,0.04
NEUROD1,11,0.04
RERGL,11,0.04
GLRA3,11,0.04
OR2M3,11,0.04
GADD45B,11,0.04
IL17A,11,0.04
MGST2,11,0.04
KCNC1,11,0.04
MCEMP1,11,0.04
HOXC5,11,0.04
NRAP,11,0.04
CSRP2,11,0.04
SERPINE3,11,0.04
DDR2,11,0.04
MYH7,11,0.04
PPP2CA,11,0.04
HDGFL1,11,0.04
DYSF,10,0.04
COLEC11,10,0.04
ANGPTL3,10,0.04
KRTAP5-2,10,0.04
HTR1E,10,0.04
RPL17,10,0.04
OBP2B,10,0.04
CFAP95,10,0.04
PNLIPRP3,10,0.04
IFNB1,10,0.04
S100Z,10,0.04
LINGO2,10,0.04
COL6A6,10,0.04
SYNC,10,0.04
DGKK,10,0.04
IRS4,10,0.04
LHFPL2,10,0.04
YWHAE,10,0.04
CCT3,10,0.04
BNIP5,10,0.04
RPE65,10,0.04
COL22A1,10,0.04
SKI,10,0.04
PFN1,10,0.04
ARAP1,10,0.04
IFIT1,10,0.04
ALOXE3,10,0.04
PNLDC1,10,0.04
HPR,10,0.04
PPP1R1B,10,0.04
TSPY9,10,0.04
RBPMS2,10,0.04
HBEGF,10,0.04
UCMA,10,0.04
CWC25,10,0.04
ARTN,10,0.04
GRIK3,10,0.04
PLCL2,10,0.04
IGFL3,10,0.04
PTCHD3,10,0.04
CLIC6,10,0.04
GYPE,10,0.04
DEFB112,10,0.04
ADRA1A,10,0.04
DOCK1,10,0.04
VCX3B,10,0.04
ISM1,10,0.04
FLG,10,0.04
SELPLG,10,0.04
TXK,10,0.04
PSG4,10,0.04
UMOD,10,0.04
HLA-G,10,0.04
ZNF831,10,0.04
EDNRA,10,0.04
ZBTB7A,10,0.04
MMP13,10,0.04
CXCL10,10,0.04
VGLL2,10,0.04
TREML4,10,0.04
CFAP251,10,0.04
IER3IP1,10,0.04
F8,10,0.04
KCNK13,10,0.04
PDZRN3,10,0.04
CPA4,10,0.04
DIRAS2,10,0.04
GH2,10,0.04
PLBD1,10,0.04
SPINT2,10,0.04
P3R3URF-PIK3R3,10,0.04
PDE1A,10,0.04
DAW1,10,0.04
OR5V1,10,0.04
SDR42E1,10,0.04
KIFC2,10,0.04
TMEM196,10,0.04
FGF14,10,0.04
PTMS,10,0.04
SLC22A25,10,0.04
OR52N1,10,0.04
IGF2BP1,10,0.04
EREG,10,0.04
IRF7,10,0.04
GRM4,10,0.04
LRTOMT,10,0.04
CSNK1A1,10,0.04
MRGPRX3,10,0.04
PARD3,10,0.04
GAR1,10,0.04
EGR4,10,0.04
ARHGAP33,10,0.04
MAGEC2,10,0.04
ECM2,10,0.04
PAX7,10,0.04
AGBL4,10,0.04
ALK,10,0.04
ADAMTS1,10,0.04
PRH1,10,0.04
TRO,10,0.04
PLA2G2A,10,0.04
P2RY2,10,0.04
SOX9,10,0.04
SCT,10,0.04
KCNS2,10,0.04
HOXC8,9,0.03
SLITRK6,9,0.03
SLC5A12,9,0.03
C1QTNF5,9,0.03
KCNMB2,9,0.03
MSR1,9,0.03
CHIT1,9,0.03
MRM1,9,0.03
LCLAT1,9,0.03
CLIC1,9,0.03
ADGRE1,9,0.03
TM4SF19,9,0.03
FMO3,9,0.03
RTP4,9,0.03
HCRTR1,9,0.03
ARHGAP4,9,0.03
SEC14L5,9,0.03
OPN1MW2,9,0.03
KRTAP9-3,9,0.03
RNF151,9,0.03
RSPH10B2,9,0.03
GRIK1,9,0.03
NCKAP1L,9,0.03
ZNF546,9,0.03
ADAMTS2,9,0.03
BIRC5,9,0.03
LYAR,9,0.03
OPN1MW3,9,0.03
TTC22,9,0.03
CDX2,9,0.03
DXO,9,0.03
SLAMF8,9,0.03
P2RX6,9,0.03
CXCL13,9,0.03
TBC1D3D,9,0.03
CCDC169-SOHLH2,9,0.03
SPDYE12,9,0.03
OOSP4A,9,0.03
TMEM238L,9,0.03
PLET1,9,0.03
DAZ2,9,0.03
IRF4,9,0.03
GPC1,9,0.03
LY6E,9,0.03
PCSK5,9,0.03
NFE2,9,0.03
COPA,9,0.03
SDC1,9,0.03
GDA,9,0.03
HDLBP,9,0.03
DSG2,9,0.03
TEX51,9,0.03
NPHS1,9,0.03
SERTM2,9,0.03
PRM1,9,0.03
C11ORF94,9,0.03
TRIM64B,9,0.03
GYS2,9,0.03
FEN1,9,0.03
PNLIPRP1,9,0.03
OR10A5,9,0.03
CTSD,9,0.03
TBPL2,9,0.03
TSPY3,9,0.03
SLCO2B1,9,0.03
SLC30A3,9,0.03
DEFB106A,9,0.03
CGA,9,0.03
SCN7A,9,0.03
CFHR3,9,0.03
TUSC1,9,0.03
BHMT,9,0.03
SERPINF1,9,0.03
TRIM49B,9,0.03
EGR1,9,0.03
SPECC1L-ADORA2A,9,0.03
C19ORF81,9,0.03
MEIKIN,9,0.03
WFDC12,9,0.03
ZNF705D,9,0.03
ASB10,9,0.03
FAM90A12P,9,0.03
PRKAR1A,9,0.03
CST9L,9,0.03
IL11,9,0.03
ZNF705B,9,0.03
AVPR1A,9,0.03
OSM,9,0.03
CAP2,9,0.03
CA7,9,0.03
CDCP2,9,0.03
ANKRD36B,9,0.03
GCGR,9,0.03
FLT1,9,0.03
MS4A1,9,0.03
DBN1,9,0.03
GSPT2,9,0.03
GPAT2,9,0.03
NTF3,9,0.03
MRGPRE,9,0.03
NPY2R,9,0.03
SERTM1,9,0.03
GON7,9,0.03
DEFB130B,9,0.03
PTGER2,9,0.03
BHLHE23,9,0.03
VIT,9,0.03
CIAO2A,9,0.03
CACNA1I,9,0.03
ZNF558,9,0.03
C10ORF62,9,0.03
CPA3,9,0.03
FAM25C,9,0.03
NEDD8-MDP1,9,0.03
DGCR6L,9,0.03
PI15,8,0.03
NTSR2,8,0.03
IL1RL2,8,0.03
CPVL,8,0.03
KIAA1210,8,0.03
CX3CL1,8,0.03
MAP1LC3A,8,0.03
ANKFY1,8,0.03
CROCC,8,0.03
TNKS1BP1,8,0.03
SCARA3,8,0.03
UTP14C,8,0.03
VSIG10L2,8,0.03
TUBGCP5,8,0.03
GNG14,8,0.03
KIR2DL3,8,0.03
PTPN6,8,0.03
LMX1B,8,0.03
NRP2,8,0.03
CTNNBIP1,8,0.03
TMEM31,8,0.03
SAA4,8,0.03
CTAG2,8,0.03
MFGE8,8,0.03
MRPS36,8,0.03
APH1A,8,0.03
GGNBP2,8,0.03
DPY19L4,8,0.03
LINC02203,8,0.03
KCNK12,8,0.03
NCOA2,8,0.03
PATE3,8,0.03
GOLGA6C,8,0.03
POTEB3,8,0.03
GCK,8,0.03
HPRT1,8,0.03
PARM1,8,0.03
AS3MT,8,0.03
OR6C75,8,0.03
KIF19,8,0.03
TRPM3,8,0.03
OR8H1,8,0.03
BGLAP,8,0.03
PTPN14,8,0.03
GIMAP4,8,0.03
FCAR,8,0.03
CISD3,8,0.03
RRAGB,8,0.03
MAGEH1,8,0.03
DLGAP1,8,0.03
CHST11,8,0.03
SKAP2,8,0.03
LRRC38,8,0.03
SCGN,8,0.03
CRIP3,8,0.03
C8B,8,0.03
OMG,8,0.03
CD209,8,0.03
ARFGEF3,8,0.03
SLC38A6,8,0.03
EVPLL,8,0.03
TECTA,8,0.03
JPT2,8,0.03
HSFY1,8,0.03
FAM89B,8,0.03
STK19,8,0.03
CHURC1-FNTB,8,0.03
RFTN1,8,0.03
TRAPPC6A,8,0.03
CGB5,8,0.03
NDRG2,8,0.03
KRT85,8,0.03
HBG2,8,0.03
FAM3D,8,0.03
C6ORF15,8,0.03
OR52E5,8,0.03
TPM2,8,0.03
SP5,8,0.03
CRYAA,8,0.03
SPDYE14,8,0.03
PINX1,8,0.03
BTNL9,8,0.03
CRP,8,0.03
FOXG1,8,0.03
OR2T29,8,0.03
KRTAP2-4,8,0.03
KRTAP2-1,8,0.03
OXTR,8,0.03
OR2A5,8,0.03
NRIP2,8,0.03
ELANE,8,0.03
MATN4,8,0.03
CD44,8,0.03
WDR6,8,0.03
GFRA2,8,0.03
APOBEC3H,8,0.03
FMC1-LUC7L2,8,0.03
OR4C5,8,0.03
ERRFI1,8,0.03
ZBED9,8,0.03
NREP,8,0.03
CHGB,8,0.03
BRINP2,8,0.03
HOXB1,8,0.03
GALNT15,8,0.03
LYZL6,8,0.03
LCP2,8,0.03
SLC44A4,8,0.03
PHF24,8,0.03
EEF1AKMT3,8,0.03
FIBCD1,8,0.03
CNTNAP3,8,0.03
PI3,8,0.03
CD68,8,0.03
POTEB2,8,0.03
PRB3,8,0.03
PRB1,8,0.03
METTL7B,8,0.03
CDH10,8,0.03
PGA3,8,0.03
F8A2,8,0.03
CDC42BPA,8,0.03
NOTCH3,8,0.03
TSPY1,8,0.03
LRRC31,8,0.03
PRH2,8,0.03
SEZ6L2,8,0.03
PXMP4,8,0.03
CHRFAM7A,8,0.03
IBSP,8,0.03
DBH,8,0.03
ARHGAP20,8,0.03
MAGEA12,8,0.03
ERVW-1,8,0.03
ISYNA1,8,0.03
ARL14EP,8,0.03
SYT16,8,0.03
CUX2,8,0.03
OCM,8,0.03
OR3A2,8,0.03
CHPF,8,0.03
CST7,8,0.03
SRCAP,8,0.03
IQGAP2,7,0.03
TYRP1,7,0.03
GPR101,7,0.03
LAMC3,7,0.03
KRTAP21-2,7,0.03
PRB4,7,0.03
OR4F15,7,0.03
OR14J1,7,0.03
CBR1,7,0.03
OR9H1P,7,0.03
WNT1,7,0.03
DAZL,7,0.03
OR1K1,7,0.03
CKS1B,7,0.03
RNASE4,7,0.03
COL19A1,7,0.03
HADHA,7,0.03
HDAC2,7,0.03
HSD3B2,7,0.03
CPT1A,7,0.03
WNT3A,7,0.03
TRAPPC1,7,0.03
P2RX5-TAX1BP3,7,0.03
DUSP14,7,0.03
SLC17A7,7,0.03
FOXD2,7,0.03
EFEMP1,7,0.03
ROS1,7,0.03
RDH5,7,0.03
KLHL14,7,0.03
MAEL,7,0.03
PDZK1IP1,7,0.03
SPARC,7,0.03
RPS6KA2,7,0.03
HOXC10,7,0.03
ATP5F1E,7,0.03
TENT4A,7,0.03
SAXO2,7,0.03
CBLN2,7,0.03
LRTM1,7,0.03
JUP,7,0.03
MYLIP,7,0.03
OVCH1,7,0.03
CEBPA,7,0.03
CDKN2A,7,0.03
UBLCP1,7,0.03
DMBX1,7,0.03
SEMA5A,7,0.03
CDC42EP1,7,0.03
USP17L11,7,0.03
GPR85,7,0.03
KCNJ15,7,0.03
CFC1B,7,0.03
GLI3,7,0.03
OR1C1,7,0.03
SYCE1,7,0.03
MSC,7,0.03
C1ORF167,7,0.03
CSTL1,7,0.03
PDF,7,0.03
NCR1,7,0.03
KRTAP20-4,7,0.03
ZBED3,7,0.03
SIPA1,7,0.03
MICALL1,7,0.03
LSM1,7,0.03
IFNA21,7,0.03
ADH7,7,0.03
ZNF100,7,0.03
MS4A13,7,0.03
ANGPTL1,7,0.03
H4C7,7,0.03
VEGFB,7,0.03
KRT37,7,0.03
ZNF521,7,0.03
LVRN,7,0.03
CLIC3,7,0.03
TNFSF8,7,0.03
EBNA1BP2,7,0.03
IFI27L2,7,0.03
DCAF12L1,7,0.03
CSF3R,7,0.03
CFAP300,7,0.03
F5,7,0.03
ZBTB9,7,0.03
GHRH,7,0.03
NTRK1,7,0.03
SFMBT2,7,0.03
PWP1,7,0.03
GARIN1B,7,0.03
MT-ND6,7,0.03
PODXL,7,0.03
GRIP2,7,0.03
PRAMEF5,7,0.03
CAVIN2,7,0.03
RUFY4,7,0.03
IL20RB,7,0.03
KNG1,7,0.03
KRT18,7,0.03
SCYGR7,7,0.03
JUNB,7,0.03
PTPN21,7,0.03
CACNG2,7,0.03
NPFFR1,7,0.03
OR4E1,7,0.03
PRRC2B,7,0.03
JMJD8,7,0.03
SMIM30,7,0.03
POTEI,7,0.03
FAM90A9,7,0.03
LACRT,7,0.03
KRTAP10-3,7,0.03
GSR,7,0.03
OSMR,7,0.03
EPHX1,7,0.03
EIF5AL1,7,0.03
FER1L6,7,0.03
ADGRL4,7,0.03
TRIM28,7,0.03
SULT1A2,7,0.03
POF1B,7,0.03
PSAPL1,7,0.03
CORO1A,7,0.03
FASTK,7,0.03
ZSCAN31,7,0.03
PAX1,7,0.03
ARHGAP11A,7,0.03
HAMP,7,0.03
FOXP1,7,0.03
CATSPERZ,7,0.03
PCDHA12,7,0.03
ZBTB16,7,0.03
SLC43A3,7,0.03
BPIFB6,7,0.03
ITIH6,7,0.03
KITLG,7,0.03
C2ORF66,7,0.03
ALAS2,7,0.03
FAM90A20P,7,0.03
CST8,7,0.03
CCDC60,7,0.03
LPAR4,7,0.03
CDCA3,7,0.03
TSPAN32,7,0.03
AQP10,7,0.03
SLC45A2,7,0.03
SAT1,7,0.03
SPANXA1,7,0.03
LRRC4B,7,0.03
STARD5,7,0.03
LCN9,7,0.03
FAM216B,7,0.03
WASF3,7,0.03
CEP170B,7,0.03
GOLGA8B,7,0.03
CRHBP,7,0.03
NT5E,7,0.03
SFTPA1,7,0.03
SSU72P4,7,0.03
OR51E1,7,0.03
LRRC53,7,0.03
EEF1A1,7,0.03
THSD7B,7,0.03
CT47A11,7,0.03
ODAM,7,0.03
PERP,7,0.03
MIP,7,0.03
NRCAM,7,0.03
BGN,7,0.03
RPL7A,7,0.03
ZNF512B,7,0.03
KRT83,7,0.03
PLAAT3,6,0.02
ZNF37A,6,0.02
RXFP2,6,0.02
TBC1D16,6,0.02
PTN,6,0.02
OTOL1,6,0.02
CPNE9,6,0.02
IDH2,6,0.02
SEMG1,6,0.02
PCDHGC3,6,0.02
PPP1CB,6,0.02
FZD10,6,0.02
GABRB2,6,0.02
ASS1,6,0.02
OR1B1,6,0.02
PKP2,6,0.02
DMRT1,6,0.02
LAMP5,6,0.02
ITIH2,6,0.02
GET3,6,0.02
IL25,6,0.02
NELL1,6,0.02
DHX16,6,0.02
UGT2A3,6,0.02
CTAGE8,6,0.02
ACTN3,6,0.02
FKBP5,6,0.02
TMEM107,6,0.02
PRCC,6,0.02
SETSIP,6,0.02
CATIP,6,0.02
CALN1,6,0.02
CNTN6,6,0.02
FBXW10,6,0.02
KIF16B,6,0.02
CKB,6,0.02
SPDYE21,6,0.02
ZNF585B,6,0.02
ARPP21,6,0.02
EVX1,6,0.02
HOXD11,6,0.02
NFATC2,6,0.02
THEGL,6,0.02
FCGBP,6,0.02
FKBP6,6,0.02
B4GALT2,6,0.02
SST,6,0.02
ATP6V0D2,6,0.02
SMIM44,6,0.02
PAQR9,6,0.02
CNGA3,6,0.02
HPSE2,6,0.02
FAM222B,6,0.02
BMP8B,6,0.02
ERVFRD-1,6,0.02
ATP2B3,6,0.02
SLC39A12,6,0.02
SELENON,6,0.02
LYPD2,6,0.02
FREM3,6,0.02
NR4A2,6,0.02
TMEM191B,6,0.02
XAGE1A,6,0.02
CACNA1B,6,0.02
KIAA1522,6,0.02
PPP1R13L,6,0.02
GCM2,6,0.02
OTOP2,6,0.02
MYBPHL,6,0.02
MUSTN1,6,0.02
CNRIP1,6,0.02
SLC7A4,6,0.02
RAVER1,6,0.02
PRR30,6,0.02
FAM236A,6,0.02
MMP28,6,0.02
SCYGR10,6,0.02
FMN2,6,0.02
GTF3C1,6,0.02
N4BP2,6,0.02
AMPD1,6,0.02
SHISAL1,6,0.02
GLDN,6,0.02
RNF44,6,0.02
FLOT1,6,0.02
SMR3B,6,0.02
LENG1,6,0.02
MCOLN1,6,0.02
SGCD,6,0.02
NQO1,6,0.02
ZG16,6,0.02
LRP1B,6,0.02
SRRD,6,0.02
KRT75,6,0.02
SERF1A,6,0.02
CD93,6,0.02
PPARGC1A,6,0.02
CYP2C19,6,0.02
OR9G1,6,0.02
CHL1,6,0.02
ZNF492,6,0.02
PADI2,6,0.02
ELMOD1,6,0.02
RRP1,6,0.02
ALB,6,0.02
ST20-MTHFS,6,0.02
MUC16,6,0.02
ADAM7,6,0.02
CHEK2,6,0.02
FOLH1,6,0.02
CFTR,6,0.02
MSLN,6,0.02
ELMO3,6,0.02
LCN15,6,0.02
PDYN,6,0.02
CNTD1,6,0.02
TSPY4,6,0.02
KPNA7,6,0.02
MET,6,0.02
NDUFA6,6,0.02
HLA-DOA,6,0.02
UGT3A1,6,0.02
SRARP,6,0.02
APOD,6,0.02
RAET1L,6,0.02
SLC24A3,6,0.02
TFEC,6,0.02
METRN,6,0.02
AMIGO2,6,0.02
BMPER,6,0.02
GPR22,6,0.02
SULT1A4,6,0.02
UGT1A7,6,0.02
DCAF4L2,6,0.02
ANO1,6,0.02
GAGE1,6,0.02
PYGO1,6,0.02
PET117,6,0.02
RSC1A1,6,0.02
F8A3,6,0.02
UBE2T,6,0.02
CDCA7L,6,0.02
XIRP2,6,0.02
BLACAT1,6,0.02
PBK,6,0.02
NLRP2,6,0.02
GPR50,6,0.02
NOL3,6,0.02
PIP4K2B,6,0.02
ZIC5,6,0.02
DISP2,6,0.02
TRIM26,6,0.02
CHRNB2,6,0.02
FRK,6,0.02
LRRK1,6,0.02
GET1-SH3BGR,6,0.02
C1QL2,6,0.02
S1PR4,6,0.02
FAM90A23,6,0.02
ALPG,6,0.02
DUOXA2,6,0.02
INSL6,6,0.02
KRT34,6,0.02
IGLL1,6,0.02
SNRPN,6,0.02
BTN3A2,6,0.02
MT4,6,0.02
BANK1,6,0.02
SCD5,6,0.02
FOXF2,6,0.02
GOLGA8M,6,0.02
OR1E1,6,0.02
MMP12,6,0.02
PON1,6,0.02
TREX1,6,0.02
CRHR2,6,0.02
HMMR,6,0.02
CXCR4,6,0.02
HNRNPD,6,0.02
MAGEA4,6,0.02
KISS1R,6,0.02
SETD1B,6,0.02
PROK1,6,0.02
AADACL3,6,0.02
TRIM27,6,0.02
MROH2A,5,0.02
SHH,5,0.02
DMRTA2,5,0.02
SI,5,0.02
CD5L,5,0.02
NAP1L4,5,0.02
HTD2,5,0.02
PADI1,5,0.02
LRRC41,5,0.02
PRRT1B,5,0.02
CARTPT,5,0.02
VWA1,5,0.02
SLC5A10,5,0.02
LHX8,5,0.02
CELA1,5,0.02
OR5P2,5,0.02
LEFTY1,5,0.02
NKX3-2,5,0.02
TMEM269,5,0.02
MARVELD3,5,0.02
CYP27A1,5,0.02
RTN2,5,0.02
OLAH,5,0.02
UPK3BL1,5,0.02
PRY,5,0.02
HSPA9,5,0.02
CLEC4E,5,0.02
ASIC5,5,0.02
PRAMEF27,5,0.02
NR5A2,5,0.02
ITGB6,5,0.02
WT1,5,0.02
TBR1,5,0.02
ATF1,5,0.02
PXDN,5,0.02
EFCAB3,5,0.02
MROH7-TTC4,5,0.02
KSR2,5,0.02
CNR1,5,0.02
FOXD4L4,5,0.02
MMP10,5,0.02
HOXA13,5,0.02
POPDC2,5,0.02
FOXQ1,5,0.02
MYL3,5,0.02
TMPRSS11E,5,0.02
KRTAP9-2,5,0.02
RNF139,5,0.02
H4C8,5,0.02
GNLY,5,0.02
CHRNG,5,0.02
H1-0,5,0.02
NWD1,5,0.02
BHLHA15,5,0.02
USP17L20,5,0.02
KRTAP19-1,5,0.02
ABCC11,5,0.02
OTUD5,5,0.02
FPGS,5,0.02
GABRP,5,0.02
POLR2J3,5,0.02
TBXAS1,5,0.02
RABGGTB,5,0.02
HLA-DQB2,5,0.02
OR10A6,5,0.02
BLK,5,0.02
ABCC3,5,0.02
INHBB,5,0.02
PTPRG,5,0.02
OR2J3,5,0.02
FKBP2,5,0.02
AQP7,5,0.02
PENK,5,0.02
ASPH,5,0.02
TNFSF11,5,0.02
H3-5,5,0.02
COG5,5,0.02
ACVR1C,5,0.02
ANP32E,5,0.02
AP1G2,5,0.02
PSTPIP1,5,0.02
KRT84,5,0.02
CAPN8,5,0.02
ASIC4,5,0.02
ALPP,5,0.02
HIRA,5,0.02
HEPN1,5,0.02
RHOC,5,0.02
CLIC5,5,0.02
GRB10,5,0.02
HCN1,5,0.02
GOLT1A,5,0.02
SAG,5,0.02
EDN2,5,0.02
TGFB1,5,0.02
KRTAP7-1,5,0.02
NKX1-2,5,0.02
ATOH1,5,0.02
GBP2,5,0.02
C20ORF85,5,0.02
SLC28A2,5,0.02
HOGA1,5,0.02
KIR3DL3,5,0.02
PDGFB,5,0.02
COL1A2,5,0.02
GABRD,5,0.02
KLF13,5,0.02
ABHD14A-ACY1,5,0.02
TRABD2A,5,0.02
OR6K2,5,0.02
KLHDC3,5,0.02
ADAM33,5,0.02
RRP9,5,0.02
TPRG1,5,0.02
RHCG,5,0.02
GPRC5B,5,0.02
PCSK2,5,0.02
FLNB,5,0.02
ENOPH1,5,0.02
ARL5B,5,0.02
VPS13D,5,0.02
SCG5,5,0.02
POTEH,5,0.02
CCL19,5,0.02
OR4C3,5,0.02
APOA4,5,0.02
UBE2NL,5,0.02
ZNF280A,5,0.02
PSAT1,5,0.02
CRYBA2,5,0.02
GTPBP8,5,0.02
TRERF1,5,0.02
GSK3B,5,0.02
GPX7,5,0.02
RASSF10,5,0.02
MYG1,5,0.02
PITPNM3,5,0.02
PLSCR5,5,0.02
PGLYRP2,5,0.02
MAGEA10,5,0.02
SFTPC,5,0.02
KY,5,0.02
IGSF3,5,0.02
FOXE1,5,0.02
ZNF286A-TBC1D26,5,0.02
PPP1R36,5,0.02
ABCB4,5,0.02
FRY,5,0.02
HLA-DOB,5,0.02
C11ORF87,5,0.02
RGCC,5,0.02
ATP2A2,5,0.02
SH3GL2,5,0.02
SLC16A2,5,0.02
PUF60,5,0.02
ARHGEF6,5,0.02
UPK3A,5,0.02
OIT3,5,0.02
AGBL1,5,0.02
SERPINB7,5,0.02
RNASEH2A,5,0.02
AKR7A2,5,0.02
SHD,5,0.02
GP1BB,5,0.02
KCNJ6,5,0.02
LGI1,5,0.02
SENP3-EIF4A1,5,0.02
GRM1,5,0.02
ZNF441,5,0.02
BTBD9,5,0.02
RSPO1,5,0.02
BBC3,5,0.02
FSCN1,5,0.02
FLG2,5,0.02
SEPTIN6,5,0.02
EMC7,5,0.02
NPIPA2,5,0.02
METRNL,5,0.02
NDUFAF8,5,0.02
H2BC14,5,0.02
MAPK13,5,0.02
SMPDL3A,5,0.02
ARL2,5,0.02
TSNARE1,5,0.02
PMEPA1,5,0.02
FCN3,5,0.02
RIMS4,5,0.02
FOXS1,5,0.02
RTEL1-TNFRSF6B,5,0.02
ABR,5,0.02
CT47A4,5,0.02
PMP22,5,0.02
MAP1S,5,0.02
KLHDC7A,5,0.02
PLA2G10,5,0.02
USP17L18,5,0.02
NEB,5,0.02
ATP2A1,5,0.02
IL18,5,0.02
INMT,5,0.02
SCTR,5,0.02
SNX15,5,0.02
GPAT3,5,0.02
RBBP8NL,5,0.02
MS4A18,5,0.02
NFILZ,5,0.02
BOK,5,0.02
GFPT2,5,0.02
BDKRB2,5,0.02
ZNF358,5,0.02
SLC1A2,5,0.02
ANKK1,5,0.02
GKN2,5,0.02
ALDOB,5,0.02
SIK1,4,0.01
CT45A6,4,0.01
RAB7B,4,0.01
HMGCS2,4,0.01
PMCH,4,0.01
ZIM2,4,0.01
BARX1,4,0.01
SEMG2,4,0.01
OMA1,4,0.01
SCNN1B,4,0.01
RORB,4,0.01
EGFL6,4,0.01
OR5M1,4,0.01
OGFR,4,0.01
RIPPLY3,4,0.01
GIMAP1-GIMAP5,4,0.01
OR14A2,4,0.01
UBQLN3,4,0.01
NID2,4,0.01
KIR2DL1,4,0.01
ABHD16B,4,0.01
ATP5MC3,4,0.01
AFP,4,0.01
GPR37L1,4,0.01
LYNX1,4,0.01
TNFSF12-TNFSF13,4,0.01
RIIAD1,4,0.01
GALNT4,4,0.01
EVA1B,4,0.01
CYP2A6,4,0.01
DAPL1,4,0.01
HEXB,4,0.01
DHRS9,4,0.01
PSG8,4,0.01
SPTBN2,4,0.01
SORCS1,4,0.01
OR4F5,4,0.01
PGAP4,4,0.01
BLID,4,0.01
PAGE3,4,0.01
TNRC18,4,0.01
CNTN5,4,0.01
NEUROG3,4,0.01
KCNG2,4,0.01
TREM2,4,0.01
INTS1,4,0.01
GAGE12F,4,0.01
ZBTB7C,4,0.01
RXRB,4,0.01
SPRR2A,4,0.01
ZNF559,4,0.01
MOV10L1,4,0.01
KRTAP21-3,4,0.01
SLC24A4,4,0.01
DDI1,4,0.01
NEO1,4,0.01
PRKG1,4,0.01
APOH,4,0.01
HPCAL4,4,0.01
CHRNA6,4,0.01
MAST4,4,0.01
FBXL7,4,0.01
C15ORF48,4,0.01
OASL,4,0.01
OLFML2A,4,0.01
CDH16,4,0.01
SF3B4,4,0.01
A3GALT2,4,0.01
CDC42EP2,4,0.01
PFKP,4,0.01
GRIN2C,4,0.01
LRRTM3,4,0.01
DIO3,4,0.01
DEFB105B,4,0.01
SPDYE6,4,0.01
DNAAF3,4,0.01
PLPPR1,4,0.01
OR4M2,4,0.01
AMACR,4,0.01
PCDH9,4,0.01
TNXB,4,0.01
CYYR1,4,0.01
XAGE1B,4,0.01
RNF187,4,0.01
MEOX1,4,0.01
NBPF9,4,0.01
SRMS,4,0.01
PIP4K2C,4,0.01
MICA,4,0.01
FBP1,4,0.01
OR2T7,4,0.01
OPCML,4,0.01
EPGN,4,0.01
SYNPO,4,0.01
NPIPA3,4,0.01
SNX13,4,0.01
PARP1,4,0.01
OR2AP1,4,0.01
PRSS1,4,0.01
ZSWIM2,4,0.01
BPY2,4,0.01
BPY2B,4,0.01
BPY2C,4,0.01
CLDN14,4,0.01
NXF3,4,0.01
SLC30A9,4,0.01
FRMD1,4,0.01
SEMA6D,4,0.01
DERPC,4,0.01
SMARCA5,4,0.01
EVI2A,4,0.01
DAB1,4,0.01
ZSWIM7,4,0.01
SCRG1,4,0.01
CDY1,4,0.01
TAF11L5,4,0.01
SLC25A31,4,0.01
MUCL3,4,0.01
KCNIP3,4,0.01
SFTPD,4,0.01
ANKS1B,4,0.01
G6PC2,4,0.01
GABBR2,4,0.01
LGALS7,4,0.01
ANGPTL8,4,0.01
ADAM32,4,0.01
ARX,4,0.01
UBE2G1,4,0.01
OR52E8,4,0.01
OBSL1,4,0.01
ZNF787,4,0.01
MRPL23,4,0.01
MYOD1,4,0.01
PCDHGA8,4,0.01
ANKRD23,4,0.01
MAD1L1,4,0.01
NSF,4,0.01
SPC24,4,0.01
IFIT1B,4,0.01
LMX1A,4,0.01
GNG13,4,0.01
INSRR,4,0.01
OR2T27,4,0.01
PAX6,4,0.01
PDCD1,4,0.01
TFF2,4,0.01
CT45A1,4,0.01
TGIF2,4,0.01
RGS7BP,4,0.01
PRDM9,4,0.01
PTGER3,4,0.01
RPL7L1,4,0.01
GOLGA6L24P,4,0.01
RAB3IP,4,0.01
GRAP2,4,0.01
ZSCAN18,4,0.01
SH3BP4,4,0.01
CPHXL,4,0.01
KCNH1,4,0.01
FTL,4,0.01
PPL,4,0.01
LMBR1,4,0.01
CDIP1,4,0.01
CPE,4,0.01
ATP13A3,4,0.01
PPP1R14A,4,0.01
CDY1B,4,0.01
NPW,4,0.01
GZMK,4,0.01
GAL,4,0.01
NPHS2,4,0.01
ADRB2,4,0.01
MYH10,4,0.01
TMEM9,4,0.01
ICAM5,4,0.01
DAZ4,4,0.01
AGAP1,4,0.01
SCP2D1,4,0.01
TFF3,4,0.01
FAHD2B,4,0.01
UPP1,4,0.01
MMP2,4,0.01
ACTL7B,4,0.01
BIRC3,4,0.01
SSUH2,4,0.01
GPX4,4,0.01
ZNF722,4,0.01
WNT7B,4,0.01
EXPH5,4,0.01
CACNA2D4,4,0.01
LIPM,4,0.01
JPH4,4,0.01
TNF,4,0.01
ADRA1D,4,0.01
LCTL,4,0.01
POLR1H,4,0.01
MYLPF,4,0.01
CDC20,4,0.01
USP17L24,4,0.01
AQP4,4,0.01
MDH1,4,0.01
RPAP2,4,0.01
SLURP2,4,0.01
RBMY1E,4,0.01
CT47A3,4,0.01
CT47A5,4,0.01
CT47A8,4,0.01
BAG2,4,0.01
CCDC187,4,0.01
TECRL,4,0.01
TCF21,4,0.01
SDF4,4,0.01
LGR6,4,0.01
PKNOX2,4,0.01
IGBP1P2,4,0.01
LRATD2,4,0.01
OXA1L,4,0.01
FUS,4,0.01
MARCKSL1,4,0.01
STAC2,4,0.01
EHBP1L1,4,0.01
ASIC2,4,0.01
MUC17,4,0.01
MUC5B,4,0.01
HCAR2,4,0.01
CCDC63,4,0.01
PLPP3,4,0.01
HPS4,4,0.01
ETV2,4,0.01
EIF4EBP3,4,0.01
CDKN1B,4,0.01
EGFLAM,4,0.01
FFAR4,4,0.01
IL21R,4,0.01
PPIAL4C,4,0.01
GTSF1,4,0.01
MEI1,4,0.01
STRIP2,4,0.01
ACOT2,4,0.01
GABRA5,4,0.01
MT-ATP8,4,0.01
GPHA2,4,0.01
FBLN7,4,0.01
STEAP4,4,0.01
SCYGR2,4,0.01
DUOX2,4,0.01
B4GALNT2,4,0.01
VCX3A,4,0.01
TMOD1,4,0.01
FOXL2,4,0.01
KRT38,4,0.01
PGGHG,4,0.01
AEBP1,4,0.01
BRD3OS,4,0.01
CT47A9,4,0.01
PEX14,4,0.01
SEPTIN5,4,0.01
STAB2,4,0.01
CHAC1,4,0.01
ZBED6,4,0.01
PSD3,4,0.01
EHMT2,4,0.01
SLCO6A1,4,0.01
ZAP70,4,0.01
NODAL,4,0.01
CPLX2,4,0.01
KIAA1217,4,0.01
NDUFB7,4,0.01
CAPN6,4,0.01
RASGRF2,4,0.01
SOX8,4,0.01
ID2,3,0.01
MZT2B,3,0.01
PHOX2A,3,0.01
DNAJB13,3,0.01
HADH,3,0.01
ADAMTS16,3,0.01
CEACAM4,3,0.01
PTGR1,3,0.01
FAM90A8,3,0.01
TTLL13,3,0.01
CHAC2,3,0.01
CXORF66,3,0.01
VSTM2A,3,0.01
C16ORF95,3,0.01
DEFB115,3,0.01
SULT1E1,3,0.01
OR13D1,3,0.01
MORC1,3,0.01
NPIPB9,3,0.01
LRRC32,3,0.01
THUMPD3,3,0.01
STARD7,3,0.01
HIKESHI,3,0.01
C9ORF153,3,0.01
DMBT1,3,0.01
OR11H6,3,0.01
CALML3,3,0.01
THEM6,3,0.01
OR2J2,3,0.01
LOX,3,0.01
HIP1,3,0.01
EIF4A2,3,0.01
RESP18,3,0.01
RPL10L,3,0.01
NOSTRIN,3,0.01
MGAT4C,3,0.01
HSPA6,3,0.01
TJP1,3,0.01
LAD1,3,0.01
CES2,3,0.01
F2RL3,3,0.01
SLC25A48,3,0.01
OSBP2,3,0.01
INKA2,3,0.01
KCNJ8,3,0.01
HTN1,3,0.01
PPP1R12C,3,0.01
GNG8,3,0.01
KRT23,3,0.01
NPY,3,0.01
DNMT3A,3,0.01
ZNF117,3,0.01
ACSM3,3,0.01
PRLR,3,0.01
PSMB5,3,0.01
POU5F1,3,0.01
RGL4,3,0.01
NIPSNAP1,3,0.01
TAF1L,3,0.01
JAG1,3,0.01
C17ORF114,3,0.01
KRTAP2-3,3,0.01
FITM1,3,0.01
LRIG3,3,0.01
HHLA1,3,0.01
ACSL6,3,0.01
C8ORF88,3,0.01
CNN1,3,0.01
ATP6V1B1,3,0.01
TBX21,3,0.01
SNX20,3,0.01
SMIM40,3,0.01
DUSP13,3,0.01
KIAA1191,3,0.01
MALRD1,3,0.01
CLCN6,3,0.01
PAPPA2,3,0.01
CMPK2,3,0.01
LRIG1,3,0.01
CTNNA1,3,0.01
MS4A14,3,0.01
UBE2F-SCLY,3,0.01
OR1L3,3,0.01
PAX9,3,0.01
C8ORF44-SGK3,3,0.01
ZNF705G,3,0.01
AXDND1,3,0.01
AFM,3,0.01
ADAM18,3,0.01
SCUBE2,3,0.01
OTOP1,3,0.01
ITFG1,3,0.01
PSMD14,3,0.01
SNX22,3,0.01
SLFN12,3,0.01
SLC7A5,3,0.01
FABP12,3,0.01
LYPD5,3,0.01
TCN1,3,0.01
FRMPD2,3,0.01
TRIM4,3,0.01
RAB35,3,0.01
FABP2,3,0.01
MT-ATP6,3,0.01
MT-CYB,3,0.01
CSRP3,3,0.01
ZCCHC12,3,0.01
PCDHB10,3,0.01
JMY,3,0.01
MBTPS2,3,0.01
C1ORF94,3,0.01
HEATR9,3,0.01
XPNPEP2,3,0.01
PAQR5,3,0.01
YRDC,3,0.01
OR10G7,3,0.01
LIMCH1,3,0.01
PLAAT5,3,0.01
FAM237A,3,0.01
KERA,3,0.01
CSMD3,3,0.01
TAF11L10,3,0.01
DYDC1,3,0.01
INSC,3,0.01
TEX29,3,0.01
FAM163B,3,0.01
PCGF2,3,0.01
AK5,3,0.01
TAAR8,3,0.01
OR52M1,3,0.01
PPDPFL,3,0.01
CPLX1,3,0.01
GJC2,3,0.01
SCGB2B2,3,0.01
FHAD1,3,0.01
PRPH,3,0.01
PGR,3,0.01
CDRT15L2,3,0.01
APOBEC3A,3,0.01
ATP6V0E2,3,0.01
LIX1,3,0.01
FAM90A5P,3,0.01
S100A7,3,0.01
SLA2,3,0.01
NEURL1,3,0.01
PTPRR,3,0.01
PRAMEF7,3,0.01
ONECUT3,3,0.01
PRR12,3,0.01
IGFL2,3,0.01
ACACA,3,0.01
CRMP1,3,0.01
GOLGA8J,3,0.01
AKAP4,3,0.01
ATP5MK,3,0.01
TRIM10,3,0.01
FAM156B,3,0.01
SYT10,3,0.01
WEE2,3,0.01
IQSEC3,3,0.01
NOS2,3,0.01
FSHR,3,0.01
HTRA1,3,0.01
SLC13A5,3,0.01
ATP5F1D,3,0.01
TCHHL1,3,0.01
RNASE7,3,0.01
TMEM47,3,0.01
SLC49A3,3,0.01
INAFM1,3,0.01
PRRG2,3,0.01
HS3ST1,3,0.01
DUSP2,3,0.01
EGR2,3,0.01
POLE4,3,0.01
LGSN,3,0.01
TPT1,3,0.01
NPAS4,3,0.01
KRT1,3,0.01
USP17L29,3,0.01
GRID2,3,0.01
OR52D1,3,0.01
TNNC1,3,0.01
FAM246B,3,0.01
LGR4,3,0.01
ISG15,3,0.01
HS6ST3,3,0.01
ADAMTS5,3,0.01
UGT2B15,3,0.01
ZNF737,3,0.01
HBZ,3,0.01
PNPO,3,0.01
OR51T1,3,0.01
ABO,3,0.01
KCTD12,3,0.01
CD274,3,0.01
ITGA5,3,0.01
TNMD,3,0.01
COL24A1,3,0.01
SLC8A2,3,0.01
SLC5A7,3,0.01
PMEL,3,0.01
ATP6V1G2,3,0.01
GLYATL1B,3,0.01
SLC6A20,3,0.01
ZACN,3,0.01
ART5,3,0.01
LMCD1,3,0.01
KCNA1,3,0.01
IL12A,3,0.01
ACOD1,3,0.01
RGPD6,3,0.01
QARS1,3,0.01
ANGPT4,3,0.01
GTF2A1L,3,0.01
PAX5,3,0.01
CACNA1F,3,0.01
DPEP1,3,0.01
CCL17,3,0.01
KNSTRN,3,0.01
ELFN1,3,0.01
SMTNL1,3,0.01
DRD1,3,0.01
PARN,3,0.01
IDO1,3,0.01
ASCL1,3,0.01
PKP1,3,0.01
CDC42BPB,3,0.01
SERTAD1,3,0.01
SPINK6,3,0.01
ANKRD33,3,0.01
C2ORF81,3,0.01
SSU72P2,3,0.01
ZNF541,3,0.01
LIPH,3,0.01
TASL,3,0.01
GRAMD2B,3,0.01
RPUSD3,3,0.01
UGT2B10,3,0.01
NEU4,3,0.01
ANHX,3,0.01
WNT10B,3,0.01
GLYATL3,3,0.01
IL22RA1,3,0.01
PPIE,3,0.01
TMEM190,3,0.01
ZFP91-CNTF,3,0.01
INAFM2,3,0.01
ATP13A4,3,0.01
PON3,3,0.01
GDE1,3,0.01
ART4,3,0.01
PARVA,3,0.01
AURKB,3,0.01
OR6X1,3,0.01
ENTPD3,3,0.01
PRTN3,3,0.01
NOD2,3,0.01
C10ORF90,3,0.01
NR4A3,3,0.01
OR4N4C,3,0.01
MYPOP,3,0.01
SULT6B1,3,0.01
TMEM88,3,0.01
SCIN,3,0.01
TNFRSF10A,3,0.01
TRPC6,3,0.01
GSC,3,0.01
LRRC63,3,0.01
SEMA6B,3,0.01
OR8H2,3,0.01
STAT4,3,0.01
TPH1,3,0.01
PLOD2,3,0.01
ELP1,3,0.01
THEMIS,3,0.01
LDHB,3,0.01
LCE3B,3,0.01
ZNF208,3,0.01
KIR2DS4,3,0.01
NECAP2,3,0.01
ACTL8,3,0.01
LHX6,3,0.01
ZNF285,3,0.01
TAS2R16,3,0.01
TVP23C-CDRT4,3,0.01
OR2T12,3,0.01
FSCN3,3,0.01
SLITRK2,3,0.01
SAA2-SAA4,3,0.01
C16ORF92,3,0.01
IGSF23,3,0.01
MST1R,3,0.01
CNMD,3,0.01
SOX12,3,0.01
CACNA1S,3,0.01
PHPT1,3,0.01
CCL13,3,0.01
LYPLA2,3,0.01
FGF4,3,0.01
SP110,3,0.01
GLRB,3,0.01
STING1,3,0.01
LGALS14,3,0.01
HTR1F,3,0.01
FAM90A14,3,0.01
OPHN1,3,0.01
PET100,3,0.01
FGF16,3,0.01
KCNH5,3,0.01
CDK2AP2,3,0.01
MRPS12,3,0.01
EIF2S3B,3,0.01
ZEB1,3,0.01
VGF,3,0.01
UNC13A,3,0.01
RPS6KL1,3,0.01
PLXNA1,3,0.01
KCNB1,3,0.01
ZNF835,3,0.01
MYEOV,3,0.01
CT47A10,3,0.01
CT47A2,3,0.01
TKTL2,3,0.01
LRRN4CL,3,0.01
RAB3D,3,0.01
KNCN,3,0.01
SMIM39,3,0.01
PCCB,3,0.01
KRT24,3,0.01
TEX101,3,0.01
OR8G3P,3,0.01
SCYGR1,3,0.01
AMOTL1,3,0.01
SMCP,3,0.01
KLK2,3,0.01
RRP1B,3,0.01
SLC35B2,3,0.01
OR13C4,3,0.01
C14ORF180,3,0.01
IL9R,3,0.01
COL4A5,3,0.01
IL1R2,3,0.01
NYAP2,3,0.01
KCNE4,3,0.01
PJA2,3,0.01
OR2A7,3,0.01
PRR35,3,0.01
PYCR1,3,0.01
CEACAM6,3,0.01
OR2T2,3,0.01
PTGFR,3,0.01
MYO7B,3,0.01
PEBP4,3,0.01
RBMY1F,3,0.01
OVCA2,3,0.01
GOLGB1,3,0.01
RHOB,3,0.01
WDR61,3,0.01
OR13G1,3,0.01
RBM14-RBM4,3,0.01
BCAS1,3,0.01
GSTT2,3,0.01
CYSLTR2,3,0.01
IRF6,3,0.01
USP17L27,3,0.01
UTF1,3,0.01
DNMT3L,3,0.01
CALB1,2,0.01
STXBP5L,2,0.01
IFNL3,2,0.01
SLC4A3,2,0.01
MCM2,2,0.01
DCUN1D2,2,0.01
CHODL,2,0.01
DYNLT2B,2,0.01
FAM43A,2,0.01
NNT,2,0.01
SUGP1,2,0.01
SCN4A,2,0.01
TMEM215,2,0.01
HLTF,2,0.01
ENPP5,2,0.01
GPR150,2,0.01
SCARF1,2,0.01
CCDC9B,2,0.01
FAM90A24P,2,0.01
FAM72C,2,0.01
SNX12,2,0.01
CSKMT,2,0.01
R3HCC1,2,0.01
SLC22A11,2,0.01
CUL1,2,0.01
OR6B3,2,0.01
IGFL4,2,0.01
KANK2,2,0.01
MACROD2,2,0.01
SLC7A10,2,0.01
PELI2,2,0.01
CLRN1,2,0.01
KRT9,2,0.01
RPS12,2,0.01
SEMA3G,2,0.01
VAMP7,2,0.01
SPINT4,2,0.01
FATE1,2,0.01
NBL1,2,0.01
XKR9,2,0.01
VWDE,2,0.01
CHRNA10,2,0.01
PLAU,2,0.01
SLC12A8,2,0.01
CDX4,2,0.01
C11ORF97,2,0.01
ST3GAL6,2,0.01
NCK2,2,0.01
CCDC190,2,0.01
NKX2-1,2,0.01
H4C5,2,0.01
UBA7,2,0.01
CYBRD1,2,0.01
HPGD,2,0.01
DNAH11,2,0.01
SLC30A2,2,0.01
GLUL,2,0.01
TMEM235,2,0.01
ARHGAP36,2,0.01
S100A16,2,0.01
GJD3,2,0.01
PREX1,2,0.01
FOLR2,2,0.01
NXN,2,0.01
GFI1,2,0.01
SORT1,2,0.01
MSX1,2,0.01
CNGA1,2,0.01
PHLDA1,2,0.01
GHRHR,2,0.01
HRNR,2,0.01
TMEM60,2,0.01
PLK1,2,0.01
NDRG4,2,0.01
HTR3E,2,0.01
TMEM35B,2,0.01
PIK3R1,2,0.01
TFCP2L1,2,0.01
NEXN,2,0.01
GRIK4,2,0.01
CACNA2D3,2,0.01
SERPINB10,2,0.01
FBXO25,2,0.01
C3ORF62,2,0.01
TNFSF12,2,0.01
H2AC4,2,0.01
MAGEF1,2,0.01
CRIP1,2,0.01
GAGE12E,2,0.01
OR2AG1,2,0.01
CIDEC,2,0.01
CELSR1,2,0.01
RHEX,2,0.01
ECHS1,2,0.01
ZBTB22,2,0.01
FCHO2,2,0.01
DEFB105A,2,0.01
NTRK2,2,0.01
TRABD2B,2,0.01
HORMAD1,2,0.01
TAPBP,2,0.01
TP53I11,2,0.01
SPEM1,2,0.01
BZW2,2,0.01
GAGE12G,2,0.01
IGFBP4,2,0.01
TBC1D8,2,0.01
C6ORF52,2,0.01
ZNF595,2,0.01
BOLA2B,2,0.01
SLC16A5,2,0.01
SPRR1B,2,0.01
ZNF582,2,0.01
ZNF583,2,0.01
CD300LB,2,0.01
CA1,2,0.01
HEMGN,2,0.01
KYAT1,2,0.01
CDH22,2,0.01
LYNX1-SLURP2,2,0.01
DAPK3,2,0.01
OR4B1,2,0.01
PMF1-BGLAP,2,0.01
HHLA2,2,0.01
RTP2,2,0.01
ANGPTL7,2,0.01
EPOP,2,0.01
UTP4,2,0.01
ZNF683,2,0.01
OR5AK3P,2,0.01
SLC22A8,2,0.01
GABPA,2,0.01
CAPN14,2,0.01
USP17L30,2,0.01
USP17L4,2,0.01
RPL23A,2,0.01
CCDC195,2,0.01
ZFAT,2,0.01
RNF112,2,0.01
GPR83,2,0.01
CCDC124,2,0.01
KCNH3,2,0.01
ZNF219,2,0.01
RRP7A,2,0.01
SSU72P5,2,0.01
ALDH6A1,2,0.01
CT47A1,2,0.01
CDT1,2,0.01
SCRN2,2,0.01
ATP2C1,2,0.01
IVL,2,0.01
ONECUT2,2,0.01
GRK7,2,0.01
LY6D,2,0.01
SLC6A18,2,0.01
ZDHHC22,2,0.01
LRRK2,2,0.01
BEX1,2,0.01
ZNF730,2,0.01
ARHGEF11,2,0.01
ABL1,2,0.01
CHTF8,2,0.01
PANX3,2,0.01
CEACAM16,2,0.01
FREM2,2,0.01
H3C12,2,0.01
SPATA4,2,0.01
TBC1D22B,2,0.01
PHETA1,2,0.01
SPRR3,2,0.01
CBWD3,2,0.01
TSHB,2,0.01
PLEKHA6,2,0.01
KRT13,2,0.01
GPR162,2,0.01
ANKRD53,2,0.01
ARV1,2,0.01
ANKRD55,2,0.01
SLC9C2,2,0.01
NFE2L3,2,0.01
EIF4A1,2,0.01
TSSK2,2,0.01
SULT1B1,2,0.01
USP17L28,2,0.01
USP17L26,2,0.01
MAP3K3,2,0.01
IQGAP1,2,0.01
OR8D2,2,0.01
C19ORF33,2,0.01
CRISP1,2,0.01
CITED1,2,0.01
FBLL1,2,0.01
GLIS1,2,0.01
GNL1,2,0.01
ADGRG6,2,0.01
KRT16,2,0.01
TAS2R50,2,0.01
MARK1,2,0.01
WNT8B,2,0.01
FGD2,2,0.01
SLC35A5,2,0.01
RPL4,2,0.01
MUC19,2,0.01
SLC30A8,2,0.01
RAPH1,2,0.01
KCNU1,2,0.01
TNN,2,0.01
TRPV6,2,0.01
ITK,2,0.01
ASCL4,2,0.01
RASD2,2,0.01
MDFIC2,2,0.01
PIRT,2,0.01
SLC38A4,2,0.01
GALNTL6,2,0.01
AMY1A,2,0.01
IRX4,2,0.01
PCP4,2,0.01
TRAF1,2,0.01
C5ORF52,2,0.01
OSGIN1,2,0.01
NPY4R,2,0.01
SAMD3,2,0.01
KLLN,2,0.01
ARHGAP19-SLIT1,2,0.01
C16ORF54,2,0.01
KRT6B,2,0.01
TMEM52B,2,0.01
ZSCAN12,2,0.01
TLL2,2,0.01
SYNE3,2,0.01
WNT16,2,0.01
PAIP1,2,0.01
NAP1L5,2,0.01
PRKCE,2,0.01
CNTN3,2,0.01
KLK12,2,0.01
OR1L6,2,0.01
MPG,2,0.01
CLCA1,2,0.01
ZNF677,2,0.01
FPGT-TNNI3K,2,0.01
PLAAT4,2,0.01
BATF2,2,0.01
TPTE,2,0.01
BHLHA9,2,0.01
FAM181A,2,0.01
ARL14EPL,2,0.01
GPX8,2,0.01
PRSS35,2,0.01
FAM162B,2,0.01
PLA2G2C,2,0.01
PRXL2B,2,0.01
IL23A,2,0.01
SCAMP5,2,0.01
GDF6,2,0.01
SIRPB2,2,0.01
PRDM13,2,0.01
SCAF1,2,0.01
MRGPRF,2,0.01
PRSS56,2,0.01
NBPF8,2,0.01
MATN3,2,0.01
PRKCH,2,0.01
ELF4,2,0.01
SIM1,2,0.01
FEM1A,2,0.01
MRFAP1L1,2,0.01
AADAC,2,0.01
PRRT1,2,0.01
BCAT1,2,0.01
PSG7,2,0.01
PSG1,2,0.01
TMEM178B,2,0.01
ERF,2,0.01
LCE1E,2,0.01
GUCY1B1,2,0.01
MYH3,2,0.01
LPAR3,2,0.01
KCNJ3,2,0.01
MYO6,2,0.01
EDN3,2,0.01
SOSTDC1,2,0.01
VSNL1,2,0.01
ZG16B,2,0.01
SKA1,2,0.01
MOB4,2,0.01
RABGGTA,2,0.01
SFTPA2,2,0.01
DCUN1D4,2,0.01
STON1-GTF2A1L,2,0.01
MARCOL,2,0.01
CHIA,2,0.01
NKX2-8,2,0.01
SLC6A1,2,0.01
ZDHHC19,2,0.01
FKBP9,2,0.01
GPR17,2,0.01
FAM86B2,2,0.01
TULP2,2,0.01
FGF3,2,0.01
MT-ND3,2,0.01
MRPS17,2,0.01
TSPAN10,2,0.01
DNAJC25-GNG10,2,0.01
MEX3D,2,0.01
C19ORF67,2,0.01
MUC20,2,0.01
LRRC69,2,0.01
TSNAX-DISC1,2,0.01
IL2RB,2,0.01
TEX48,2,0.01
GHSR,2,0.01
ITPR3,2,0.01
MFAP2,2,0.01
GGT6,2,0.01
HEPACAM,2,0.01
RBM41,2,0.01
FGFBP1,2,0.01
RAB44,2,0.01
TCF19,2,0.01
IL5,2,0.01
CDKN2C,2,0.01
IL6R,2,0.01
GTF2H2C,2,0.01
MMP8,2,0.01
SLC26A3,2,0.01
CENPVL1,2,0.01
CENPVL2,2,0.01
TDRP,2,0.01
ARG2,2,0.01
ARMC10,2,0.01
GSX2,2,0.01
FBXL15,2,0.01
MPDZ,2,0.01
UNC13B,2,0.01
WFIKKN1,2,0.01
ERV3-1,2,0.01
KCNA3,2,0.01
SCRIB,2,0.01
TST,2,0.01
CD70,2,0.01
SMO,2,0.01
OR1I1,2,0.01
GABRA2,2,0.01
PCDHGA4,2,0.01
RNF212B,2,0.01
RWDD4,2,0.01
MGARP,2,0.01
PRR9,2,0.01
CCN4,2,0.01
MS4A12,2,0.01
COPG1,2,0.01
KCNA5,2,0.01
TAC3,2,0.01
PNMA3,2,0.01
EPPK1,2,0.01
ZNF579,2,0.01
PATE1,2,0.01
FAM24B,2,0.01
CCNA1,2,0.01
ASDURF,2,0.01
SPATA31A3,2,0.01
MUC12,2,0.01
KLK13,2,0.01
NOX5,2,0.01
MT-CO2,2,0.01
PSG9,2,0.01
CSN3,2,0.01
MEIOSIN,2,0.01
NUTM2B,2,0.01
KCNJ2,2,0.01
GPR158,2,0.01
ACOT11,2,0.01
GIPC3,2,0.01
ACSS2,2,0.01
SPRR2D,2,0.01
IL22RA2,2,0.01
CTAGE1,2,0.01
ECE2,2,0.01
TCEAL6,2,0.01
VXN,2,0.01
DKK4,2,0.01
H2AW,2,0.01
BIRC2,2,0.01
ZNF43,2,0.01
PTHLH,2,0.01
INO80B,2,0.01
AK4P3,2,0.01
FAM234A,2,0.01
PROZ,2,0.01
EPN3,2,0.01
NTS,2,0.01
DCBLD2,2,0.01
RPL22L1,2,0.01
SAA2,2,0.01
PODNL1,2,0.01
SOX14,2,0.01
NDUFA2,2,0.01
PIWIL3,2,0.01
CXCL11,2,0.01
CHRM1,2,0.01
KCTD16,2,0.01
PABPC1L2B,2,0.01
SEPTIN8,2,0.01
BID,2,0.01
INPP4B,2,0.01
PCSK1,2,0.01
ITGA10,2,0.01
SCRT1,2,0.01
AKR1B15,2,0.01
ALG1L2,2,0.01
KIAA0100,2,0.01
POTED,2,0.01
DUOX1,2,0.01
TBC1D3I,2,0.01
ATF7IP2,2,0.01
FAM9A,2,0.01
C9ORF57,2,0.01
BLNK,2,0.01
HDGFL2,2,0.01
PSG6,2,0.01
LUZP2,2,0.01
SLC35D3,2,0.01
CDK5RAP2,2,0.01
POU3F1,2,0.01
VN1R2,2,0.01
OR14A16,2,0.01
ZNF804B,2,0.01
LMNTD2,2,0.01
DZIP3,2,0.01
CDH17,2,0.01
SLC9A3R2,2,0.01
USH2A,2,0.01
CCDC13,2,0.01
SFRP5,2,0.01
AGXT,2,0.01
MT1G,2,0.01
CFP,2,0.01
NALCN,2,0.01
ART3,2,0.01
COPE,2,0.01
RTL6,2,0.01
DRG1,2,0.01
RHOT1,2,0.01
HEG1,2,0.01
MT-ND5,2,0.01
LCE3D,2,0.01
LCE1F,2,0.01
ARHGAP40,2,0.01
MS4A8,2,0.01
OCIAD2,2,0.01
ODAPH,2,0.01
CT45A3,2,0.01
PAGE1,2,0.01
BTG2,2,0.01
ROBO1,2,0.01
CYP1A1,2,0.01
SLC23A3,2,0.01
SMIM32,2,0.01
GTF2IRD2B,2,0.01
F11,2,0.01
FDX2,2,0.01
OR5B21,2,0.01
ANGPTL2,2,0.01
FCRL6,2,0.01
PHLDB2,2,0.01
TMEM167A,2,0.01
GMNC,2,0.01
COBL,2,0.01
NUPR2,2,0.01
PTPRU,2,0.01
LRRC55,2,0.01
OR8H3,2,0.01
COMMD1,2,0.01
ITGA11,2,0.01
ABHD13,2,0.01
TRIM49D2,2,0.01
UBE2U,2,0.01
FOXI2,2,0.01
UBE3B,2,0.01
EVPL,2,0.01
LOXL1,2,0.01
TXNDC5,2,0.01
HMSD,2,0.01
EVI2B,2,0.01
CASP8,2,0.01
TREML1,2,0.01
C20ORF141,2,0.01
PNLIP,2,0.01
THRSP,2,0.01
RPL7,2,0.01
NUDT21,2,0.01
CLVS2,2,0.01
FMO1,2,0.01
RAB2A,2,0.01
GPR26,2,0.01
PCDHGA10,2,0.01
ATP1B1,2,0.01
MERTK,2,0.01
CLDN10,2,0.01
PRSS41,2,0.01
DNASE1L3,2,0.01
DLL3,2,0.01
PCDH19,2,0.01
IGFBP1,2,0.01
PACSIN3,2,0.01
ZNF257,2,0.01
KRT25,2,0.01
OTOF,2,0.01
WNT2B,2,0.01
HLA-DMB,2,0.01
KCNS1,2,0.01
COL27A1,2,0.01
P2RY13,2,0.01
SPATA31A1,2,0.01
POTEB,2,0.01
ACTN4,2,0.01
SPHKAP,2,0.01
PLPPR5,2,0.01
KRBOX1,2,0.01
ABHD4,2,0.01
TRPC5,2,0.01
NET1,2,0.01
SLC16A6,2,0.01
OPRK1,2,0.01
KCNK2,2,0.01
MYMX,2,0.01
PTCRA,2,0.01
SCYGR4,2,0.01
B3GAT2,2,0.01
TMEM265,2,0.01
SIX1,2,0.01
CRH,2,0.01
DRAP1,2,0.01
SHROOM3,2,0.01
ADCY6,2,0.01
C22ORF31,2,0.01
GTPBP2,2,0.01
SHTN1,2,0.01
DCSTAMP,2,0.01
OR2A4,2,0.01
ACAP3,2,0.01
TMEM151A,2,0.01
ZNHIT3,2,0.01
MSI2,2,0.01
IQCJ,2,0.01
TAS2R41,2,0.01
CD79A,2,0.01
ATP5MF-PTCD1,2,0.01
EVX2,2,0.01
CABP7,2,0.01
GLYATL2,2,0.01
KLRG2,2,0.01
CILP2,2,0.01
CYP17A1,2,0.01
ANO2,2,0.01
ARHGDIG,2,0.01
BLOC1S1,2,0.01
ATOH8,2,0.01
GAGE2E,2,0.01
PTPRN,2,0.01
RPL6,2,0.01
FOXA2,2,0.01
ARHGEF40,2,0.01
RASGRP3,1,0.0
RRH,1,0.0
LRRC40,1,0.0
MPZL3,1,0.0
OBP2A,1,0.0
TACO1,1,0.0
PGS1,1,0.0
RWDD3,1,0.0
ELP5,1,0.0
SNTA1,1,0.0
BRS3,1,0.0
SHISA6,1,0.0
MAP6D1,1,0.0
HOXC6,1,0.0
DACH2,1,0.0
IFI44L,1,0.0
VIP,1,0.0
PRAMEF10,1,0.0
ABCA6,1,0.0
UPP2,1,0.0
GASK1B,1,0.0
H2AC20,1,0.0
IL17RE,1,0.0
NLGN2,1,0.0
FOXI1,1,0.0
MT-CO1,1,0.0
ZNF670-ZNF695,1,0.0
HEATR4,1,0.0
CYP4F3,1,0.0
FFAR1,1,0.0
EIF3E,1,0.0
CD69,1,0.0
DCAF11,1,0.0
ACAA2,1,0.0
COL4A1,1,0.0
ST8SIA4,1,0.0
SKIV2L,1,0.0
REM1,1,0.0
FAM174B,1,0.0
TMEM30A,1,0.0
SPPL2A,1,0.0
PPM1B,1,0.0
TMEFF2,1,0.0
NLRC3,1,0.0
RELT,1,0.0
CNGA4,1,0.0
MROH2B,1,0.0
IFNL4,1,0.0
C11ORF86,1,0.0
P2RX2,1,0.0
IZUMO2,1,0.0
HPCA,1,0.0
SUPT20HL2,1,0.0
HLA-DQA1,1,0.0
ADCY9,1,0.0
SIAE,1,0.0
LGI3,1,0.0
UNC5C,1,0.0
CPS1,1,0.0
ZNF277,1,0.0
OLFM4,1,0.0
GATA6,1,0.0
WFIKKN2,1,0.0
YKT6,1,0.0
RD3L,1,0.0
SOX30,1,0.0
ARC,1,0.0
KRTAP5-8,1,0.0
LHFPL7,1,0.0
SIRPG,1,0.0
CIB3,1,0.0
GPR78,1,0.0
YAF2,1,0.0
EPAS1,1,0.0
CASP5,1,0.0
RBPMS,1,0.0
BCAN,1,0.0
OTP,1,0.0
GDF3,1,0.0
POTEM,1,0.0
FLRT2,1,0.0
PNPLA6,1,0.0
ASIP,1,0.0
ZNF556,1,0.0
CT45A10,1,0.0
EEF2K,1,0.0
TEX11,1,0.0
MRGPRX4,1,0.0
XAGE3,1,0.0
CYP19A1,1,0.0
PERCC1,1,0.0
SEMA3E,1,0.0
RGS10,1,0.0
BMP5,1,0.0
OPN1SW,1,0.0
CD247,1,0.0
ZNF438,1,0.0
TNFSF10,1,0.0
FAM217B,1,0.0
C21ORF91,1,0.0
CT45A5,1,0.0
AK6,1,0.0
CYP4F11,1,0.0
TP53INP2,1,0.0
NGEF,1,0.0
CDH6,1,0.0
CGB3,1,0.0
IL17F,1,0.0
KCNIP2,1,0.0
TCEA3,1,0.0
PNMA8A,1,0.0
ZNF697,1,0.0
SMIM3,1,0.0
HID1,1,0.0
ZNF527,1,0.0
PSMD12,1,0.0
SIX3,1,0.0
SLC9A4,1,0.0
COX6A2,1,0.0
EMC10,1,0.0
OR10G9,1,0.0
TH,1,0.0
NDUFA4L2,1,0.0
POLR2L,1,0.0
FRMD3,1,0.0
SP8,1,0.0
SPANXN2,1,0.0
IL20,1,0.0
CCL3L1,1,0.0
CARF,1,0.0
PCMTD1,1,0.0
C12ORF54,1,0.0
CST5,1,0.0
PNMA1,1,0.0
MRLN,1,0.0
ERVV-2,1,0.0
LAMP3,1,0.0
OR10C1,1,0.0
VN1R5,1,0.0
TTC29,1,0.0
MUSK,1,0.0
ACRBP,1,0.0
MPIG6B,1,0.0
ASB2,1,0.0
TMSB4X,1,0.0
MYH13,1,0.0
MTFP1,1,0.0
TFB2M,1,0.0
XRRA1,1,0.0
IGF2BP2,1,0.0
CRIM1,1,0.0
PYGL,1,0.0
SH3PXD2B,1,0.0
MRPL18,1,0.0
UQCRH,1,0.0
CTXND2,1,0.0
ERGIC3,1,0.0
NAV2,1,0.0
KCNN4,1,0.0
KCNV1,1,0.0
CREB1,1,0.0
TSPAN12,1,0.0
GMPR,1,0.0
LAIR1,1,0.0
NID1,1,0.0
WNT8A,1,0.0
NECTIN4,1,0.0
DCX,1,0.0
DMRT3,1,0.0
BHLHE22,1,0.0
HPS6,1,0.0
NBPF26,1,0.0
CBWD5,1,0.0
SEMA4D,1,0.0
DLX6,1,0.0
CRYBA1,1,0.0
KIF12,1,0.0
CENPA,1,0.0
SLX1A,1,0.0
C2ORF74,1,0.0
ERG28,1,0.0
LIPK,1,0.0
COQ3,1,0.0
RPP40,1,0.0
PAEP,1,0.0
GABRA6,1,0.0
SIGLEC15,1,0.0
DIRAS3,1,0.0
TMEM53,1,0.0
SPIN2B,1,0.0
SMIM23,1,0.0
SLC26A9,1,0.0
SLC2A7,1,0.0
CTAG1A,1,0.0
DYTN,1,0.0
CXXC5,1,0.0
PSENEN,1,0.0
RND3,1,0.0
KRTAP19-7,1,0.0
OR2D3,1,0.0
NUDT14,1,0.0
LRRTM1,1,0.0
OR6N1,1,0.0
SMAD7,1,0.0
ARHGAP35,1,0.0
TLCD2,1,0.0
POLE3,1,0.0
EHD4,1,0.0
TP63,1,0.0
SSX1,1,0.0
DLEC1,1,0.0
ABAT,1,0.0
FJX1,1,0.0
TINCR,1,0.0
LIN28A,1,0.0
DNAJC28,1,0.0
ADAMTS19,1,0.0
DNAJA3,1,0.0
SLC29A1,1,0.0
ZNF776,1,0.0
EEF1AKMT2,1,0.0
PRR27,1,0.0
DDX4,1,0.0
ABHD14A,1,0.0
SNAPIN,1,0.0
FAM187B,1,0.0
COX18,1,0.0
CDRT4,1,0.0
C6ORF47,1,0.0
SNURF,1,0.0
ZNF26,1,0.0
CHGA,1,0.0
SIDT1,1,0.0
SHC3,1,0.0
GZMH,1,0.0
HS2ST1,1,0.0
QKI,1,0.0
ANXA13,1,0.0
ENPP7,1,0.0
USP17L25,1,0.0
DHRS3,1,0.0
TNFSF15,1,0.0
CDH15,1,0.0
ICOSLG,1,0.0
CPNE2,1,0.0
POLR3GL,1,0.0
SLC22A23,1,0.0
GALNT14,1,0.0
LRRC56,1,0.0
SRGAP2,1,0.0
GOLGA8K,1,0.0
PPP5C,1,0.0
ALCAM,1,0.0
MT-CO3,1,0.0
AMBN,1,0.0
SLC5A5,1,0.0
FOXB1,1,0.0
PARK7,1,0.0
PRELID3B,1,0.0
CDCP1,1,0.0
RNASE11,1,0.0
CELF6,1,0.0
SLC31A2,1,0.0
NPSR1,1,0.0
TMEM126B,1,0.0
FCGRT,1,0.0
TEAD1,1,0.0
TRPC1,1,0.0
CCIN,1,0.0
CARMIL3,1,0.0
NLRC5,1,0.0
ATP6V0B,1,0.0
OR5D14,1,0.0
DNAH10,1,0.0
DLK1,1,0.0
TMEM132C,1,0.0
GRIN2A,1,0.0
NKD1,1,0.0
UNCX,1,0.0
IRX1,1,0.0
CPSF4L,1,0.0
TAC1,1,0.0
C1ORF116,1,0.0
SLC6A2,1,0.0
PRSS57,1,0.0
NLRP11,1,0.0
F7,1,0.0
ATP6V1FNB,1,0.0
TEX14,1,0.0
HPD,1,0.0
ARHGAP26,1,0.0
AP1S1,1,0.0
CFAP74,1,0.0
ALG1L9P,1,0.0
LTC4S,1,0.0
CEMP1,1,0.0
HMGB1P1,1,0.0
MYLK4,1,0.0
UBXN10,1,0.0
NANOS3,1,0.0
TKTL1,1,0.0
PGPEP1L,1,0.0
BDP1,1,0.0
MANBA,1,0.0
ARL4C,1,0.0
ANGEL1,1,0.0
SDR39U1,1,0.0
OR3A1,1,0.0
KRT36,1,0.0
CCL15,1,0.0
VAMP8,1,0.0
PRPS1L1,1,0.0
TMEM97,1,0.0
ROMO1,1,0.0
DDX24,1,0.0
IL4I1,1,0.0
AGER,1,0.0
SOAT2,1,0.0
SPX,1,0.0
CCL25,1,0.0
FXYD3,1,0.0
OR2AK2,1,0.0
OR51B2,1,0.0
IRAK2,1,0.0
ROPN1L,1,0.0
RPN1,1,0.0
FAM90A17,1,0.0
FAM90A16,1,0.0
MUC6,1,0.0
TUBB8,1,0.0
MAPK15,1,0.0
CACNG4,1,0.0
UBR4,1,0.0
BOLA2,1,0.0
TF,1,0.0
MGAT4A,1,0.0
EFNA2,1,0.0
SLITRK5,1,0.0
MAFA,1,0.0
PRAMEF19,1,0.0
KCNQ2,1,0.0
ARF1,1,0.0
CA10,1,0.0
MYCT1,1,0.0
CDRT15,1,0.0
TENT5A,1,0.0
SLC25A43,1,0.0
CALHM4,1,0.0
CYP2R1,1,0.0
OR6B2,1,0.0
TMED1,1,0.0
GARIN4,1,0.0
C19ORF38,1,0.0
GDF10,1,0.0
BST1,1,0.0
MECOM,1,0.0
SOWAHA,1,0.0
PRKX,1,0.0
GPR33,1,0.0
B3GALT4,1,0.0
MEF2B,1,0.0
GRIFIN,1,0.0
NDUFA8,1,0.0
PPM1D,1,0.0
MRPS7,1,0.0
CMKLR1,1,0.0
CHMP4A,1,0.0
GFUS,1,0.0
TBC1D14,1,0.0
C7ORF50,1,0.0
TOMM34,1,0.0
SYS1-DBNDD2,1,0.0
OR13C9,1,0.0
DBX2,1,0.0
MT1HL1,1,0.0
APOL6,1,0.0
ZMAT4,1,0.0
KRTAP5-1,1,0.0
APP,1,0.0
OR52N4,1,0.0
DLC1,1,0.0
SPINK14,1,0.0
CDK6,1,0.0
MGAT5B,1,0.0
FAM110B,1,0.0
VWA8,1,0.0
MLIP,1,0.0
NKX2-2,1,0.0
RGS21,1,0.0
ZNF280D,1,0.0
SNAP91,1,0.0
TMCO5A,1,0.0
OR4L1,1,0.0
ACE,1,0.0
SFTPB,1,0.0
ZBTB6,1,0.0
TPI1,1,0.0
SHMT2,1,0.0
RPLP0,1,0.0
C19ORF84,1,0.0
CXORF49,1,0.0
INO80E,1,0.0
NXNL1,1,0.0
ADGRF1,1,0.0
VANGL2,1,0.0
NTN5,1,0.0
CFAP221,1,0.0
PRDX1,1,0.0
PSMD7,1,0.0
PSME3IP1,1,0.0
TOX4,1,0.0
BOD1,1,0.0
RAD23B,1,0.0
STAU1,1,0.0
OXER1,1,0.0
PRRC2C,1,0.0
PUM1,1,0.0
HOOK3,1,0.0
CNTNAP3C,1,0.0
GARIN2,1,0.0
MPPED1,1,0.0
TMEM203,1,0.0
ZSCAN21,1,0.0
HOOK2,1,0.0
PCDHB9,1,0.0
TRPM2,1,0.0
CD1D,1,0.0
RABAC1,1,0.0
FBXO44,1,0.0
RAB37,1,0.0
KCNA10,1,0.0
CASS4,1,0.0
KMT2B,1,0.0
AQP3,1,0.0
RFX8,1,0.0
TNNT3,1,0.0
ADRA2B,1,0.0
GLIPR1,1,0.0
PROKR2,1,0.0
DMGDH,1,0.0
COG1,1,0.0
MPZ,1,0.0
CCNF,1,0.0
CFAP46,1,0.0
KLHL33,1,0.0
SLC16A11,1,0.0
FAM83D,1,0.0
KRTAP12-2,1,0.0
CEACAM3,1,0.0
NUAK1,1,0.0
JOSD2,1,0.0
CXCR2,1,0.0
CYP27B1,1,0.0
HELLS,1,0.0
CHN1,1,0.0
MBOAT1,1,0.0
TMEM45A,1,0.0
TRAM1L1,1,0.0
ZNF846,1,0.0
CIDEA,1,0.0
RB1,1,0.0
PIGN,1,0.0
ZNF33B,1,0.0
WNT7A,1,0.0
RARRES1,1,0.0
RASGRF1,1,0.0
RNPEPL1,1,0.0
RRAD,1,0.0
DUSP6,1,0.0
RHOD,1,0.0
PRICKLE1,1,0.0
KCTD4,1,0.0
GRM2,1,0.0
PXMP2,1,0.0
KRTAP19-5,1,0.0
GJE1,1,0.0
OR5T3,1,0.0
FGD1,1,0.0
RTP3,1,0.0
GJB4,1,0.0
C1QTNF4,1,0.0
INPP1,1,0.0
IL27,1,0.0
C11ORF53,1,0.0
CEBPE,1,0.0
CST3,1,0.0
PRM2,1,0.0
ADAMTS20,1,0.0
HS3ST6,1,0.0
ANKRD45,1,0.0
SOHLH1,1,0.0
MT1X,1,0.0
CNR2,1,0.0
LILRB4,1,0.0
COX8A,1,0.0
TRAF3IP3,1,0.0
ABCG4,1,0.0
DLX3,1,0.0
ATP5PD,1,0.0
PDILT,1,0.0
ANXA8L1,1,0.0
NTNG2,1,0.0
MTF2,1,0.0
OR1D5,1,0.0
GCNT2,1,0.0
SLC7A3,1,0.0
IL13,1,0.0
ACTA1,1,0.0
NPIPA5,1,0.0
SPDYA,1,0.0
FAM246C,1,0.0
REG1A,1,0.0
POM121L2,1,0.0
SLC22A13,1,0.0
CFAP99,1,0.0
OR2B2,1,0.0
HTR3A,1,0.0
NOTUM,1,0.0
NUDT10,1,0.0
PDE6G,1,0.0
ALX4,1,0.0
DUSP23,1,0.0
NKX6-1,1,0.0
CITED4,1,0.0
POLR2I,1,0.0
NLE1,1,0.0
GPR87,1,0.0
LY6G6C,1,0.0
SPDYE3,1,0.0
FAM219B,1,0.0
GADL1,1,0.0
ABCB6,1,0.0
PRAP1,1,0.0
RBP3,1,0.0
ME3,1,0.0
SLC25A23,1,0.0
CD1E,1,0.0
BNIP3L,1,0.0
EIF5A,1,0.0
TMEM234,1,0.0
NAA80,1,0.0
RFPL4B,1,0.0
OR56A3,1,0.0
RS1,1,0.0
ABCC8,1,0.0
FBXO5,1,0.0
TCF15,1,0.0
ZNF641,1,0.0
SYNJ2BP-COX16,1,0.0
RAB3IL1,1,0.0
LMBRD2,1,0.0
KRTAP12-1,1,0.0
LMO3,1,0.0
UBL4B,1,0.0
DDX60,1,0.0
ARMCX2,1,0.0
TMEM150C,1,0.0
EDA2R,1,0.0
PTCHD4,1,0.0
TRIM61,1,0.0
MAP3K6,1,0.0
FILIP1L,1,0.0
NEDD4,1,0.0
AKAP17A,1,0.0
LEPROTL1,1,0.0
CTU1,1,0.0
TAPBPL,1,0.0
THSD1,1,0.0
PRR5-ARHGAP8,1,0.0
STAT3,1,0.0
MAMDC2,1,0.0
TNFSF13B,1,0.0
OOSP3,1,0.0
ATP1A4,1,0.0
PLA2G2F,1,0.0
DPM3,1,0.0
TPPP3,1,0.0
MCL1,1,0.0
PATL2,1,0.0
RRAGD,1,0.0
NCCRP1,1,0.0
PSMA1,1,0.0
CALCA,1,0.0
SERPINB3,1,0.0
NCKIPSD,1,0.0
USF2,1,0.0
ATP6V1G3,1,0.0
RTEL1,1,0.0
UBXN11,1,0.0
CAPS,1,0.0
ERFE,1,0.0
FOXE3,1,0.0
RASL11A,1,0.0
WDPCP,1,0.0
ATF4,1,0.0
CRYBA4,1,0.0
NBPF19,1,0.0
SMYD3,1,0.0
FBXW10B,1,0.0
TMEM239,1,0.0
SLC52A1,1,0.0
CD27,1,0.0
SCN10A,1,0.0
PBX2,1,0.0
MEX3A,1,0.0
PCARE,1,0.0
SYCP1,1,0.0
NRG3,1,0.0
ERVH48-1,1,0.0
C9ORF43,1,0.0
RAB41,1,0.0
GUCA1A,1,0.0
TBC1D19,1,0.0
METTL7A,1,0.0
AHNAK,1,0.0
DRD5,1,0.0
IRF2BP1,1,0.0
IQCF3,1,0.0
RAB11B,1,0.0
C1GALT1C1L,1,0.0
BBOX1,1,0.0
IL6ST,1,0.0
WDR49,1,0.0
ZC3H12D,1,0.0
TWF2,1,0.0
LKAAEAR1,1,0.0
ZNF618,1,0.0
TAC4,1,0.0
SIGLEC6,1,0.0
UNC5B,1,0.0
TGM6,1,0.0
NXF2B,1,0.0
NXF2,1,0.0
ATXN3L,1,0.0
BEND4,1,0.0
TMEM232,1,0.0
ZNF575,1,0.0
OR8D1,1,0.0
GPC6,1,0.0
ZBTB18,1,0.0
CEBPB,1,0.0
OR2AT4,1,0.0
NUF2,1,0.0
TTK,1,0.0
SLC25A4,1,0.0
CHAD,1,0.0
KIAA0040,1,0.0
ATP1A1,1,0.0
GSC2,1,0.0
CT45A2,1,0.0
SVOP,1,0.0
SCRT2,1,0.0
H2AC14,1,0.0
DPEP3,1,0.0
IFI44,1,0.0
EFCAB2,1,0.0
PRY2,1,0.0
ME1,1,0.0
PALM2AKAP2,1,0.0
CKLF-CMTM1,1,0.0
LRRC47,1,0.0
TBATA,1,0.0
PARL,1,0.0
SERHL2,1,0.0
DSCAM,1,0.0
P4HTM,1,0.0
CXCR3,1,0.0
SIX2,1,0.0
DLGAP3,1,0.0
DDAH1,1,0.0
RAP1GAP2,1,0.0
FOXD4,1,0.0
MRGPRD,1,0.0
SRRT,1,0.0
TNFRSF1B,1,0.0
GARIN6,1,0.0
SLC2A6,1,0.0
HSFX4,1,0.0
SNX31,1,0.0
HSFX3,1,0.0
KCNT2,1,0.0
ANKRD30BL,1,0.0
LDHD,1,0.0
CADM4,1,0.0
PVR,1,0.0
DRICH1,1,0.0
GVQW3,1,0.0
RNF181,1,0.0
NDUFS5,1,0.0
OR5H1,1,0.0
MYO1C,1,0.0
EVC,1,0.0
ANXA6,1,0.0
KLF15,1,0.0
UTP3,1,0.0
NUTM1,1,0.0
GGTLC1,1,0.0
ACTL6B,1,0.0
ZNF513,1,0.0
LY6G6D,1,0.0
MPND,1,0.0
PPP1R15A,1,0.0
TAS2R46,1,0.0
SEMA7A,1,0.0
NEUROD6,1,0.0
PLAAT2,1,0.0
OLFML3,1,0.0
ROPN1B,1,0.0
MS4A4E,1,0.0
NKX6-2,1,0.0
SZRD1,1,0.0
CHRM3,1,0.0
TRIM64,1,0.0
TRIM51,1,0.0
TMSB15A,1,0.0
NOTCH2NLA,1,0.0
FGD6,1,0.0
BPIFB2,1,0.0
SHPRH,1,0.0
RECQL,1,0.0
MORN5,1,0.0
IL18RAP,1,0.0
HOXC11,1,0.0
FCGR2B,1,0.0
ARL2-SNX15,1,0.0
POLB,1,0.0
BRMS1L,1,0.0
VPS11,1,0.0
RFESD,1,0.0
HSPB2,1,0.0
KRT26,1,0.0
TNFSF4,1,0.0
ITGA2B,1,0.0
MED20,1,0.0
HMGN3,1,0.0
IFTAP,1,0.0
AGRN,1,0.0
FBLIM1,1,0.0
AGXT2,1,0.0
CD63,1,0.0
MAP3K5,1,0.0
CHST13,1,0.0
ST6GALNAC3,1,0.0
GMDS,1,0.0
ANKRD34C,1,0.0
SPTAN1,1,0.0
NHLRC3,1,0.0
TOGARAM1,1,0.0
CAPN1,1,0.0
MZB1,1,0.0
ARPC4-TTLL3,1,0.0
ABHD8,1,0.0
YIPF2,1,0.0
KRTAP10-12,1,0.0
TMEM129,1,0.0
CCR5,1,0.0
GPR148,1,0.0
GAPDHS,1,0.0
CASP14,1,0.0
PTPN5,1,0.0
DPEP2,1,0.0
SMAD6,1,0.0
USP5,1,0.0
HACD1,1,0.0
TLR2,1,0.0
LSM14B,1,0.0
UQCRHL,1,0.0
TBX10,1,0.0
SIGLEC16,1,0.0
ACKR1,1,0.0
COL5A2,1,0.0
CHRNA5,1,0.0
TRPC3,1,0.0
IFNA13,1,0.0
HAS3,1,0.0
TMEM114,1,0.0
GPR39,1,0.0
ELAC2,1,0.0
ABRA,1,0.0
HDC,1,0.0
PTPN20,1,0.0
RNF224,1,0.0
BVES,1,0.0
SCN5A,1,0.0
FBXO24,1,0.0
BANF2,1,0.0
CYP4F8,1,0.0
CTLA4,1,0.0
ADGRG4,1,0.0
CD38,1,0.0
LYVE1,1,0.0
IL33,1,0.0
PDXK,1,0.0
TEK,1,0.0
TMEM156,1,0.0
FGF19,1,0.0
MRPL36,1,0.0
P2RY8,1,0.0
ARID3C,1,0.0
EFNB3,1,0.0
MCHR1,1,0.0
CHEK1,1,0.0
TES,1,0.0
TRIM35,1,0.0
SHC1,1,0.0
RANGAP1,1,0.0
TPSAB1,1,0.0
HYOU1,1,0.0
HBM,1,0.0
OR8G5,1,0.0
OTOA,1,0.0
COX4I2,1,0.0
CACTIN,1,0.0
SEC31B,1,0.0
SHANK2,1,0.0
ATRX,1,0.0
NKX2-3,1,0.0
MAGEA9,1,0.0
ZNF608,1,0.0
TAF15,1,0.0
PDE5A,1,0.0
APBB1,1,0.0
KLK7,1,0.0
MID1IP1,1,0.0
OR10G2,1,0.0
HGD,1,0.0
ZNF319,1,0.0
PLIN2,1,0.0
MRGPRX2,1,0.0
ANXA1,1,0.0
ANKRD30B,1,0.0
SMARCA1,1,0.0
GSTA5,1,0.0
CHST9,1,0.0
KRTAP6-3,1,0.0
ZNF717,1,0.0
RAB27A,1,0.0
FAM184B,1,0.0
CCDC168,1,0.0
LHX3,1,0.0
CCER2,1,0.0
FMR1NB,1,0.0
ZNF214,1,0.0
PIFO,1,0.0
CLEC4M,1,0.0
LAPTM5,1,0.0
ALDH1L2,1,0.0
ATF5,1,0.0
LRP1,1,0.0
CCDC87,1,0.0
ZP4,1,0.0
ADAM23,1,0.0
CFAP73,1,0.0
CLUL1,1,0.0
IQCM,1,0.0
C12ORF40,1,0.0
HR,1,0.0
SYT15B,1,0.0
HNF4G,1,0.0
CRHR1,1,0.0
MCTP2,1,0.0
IFNK,1,0.0
EPYC,1,0.0
PRAME,1,0.0
VSTM2B,1,0.0
OR10AC1,1,0.0
CCDC61,1,0.0
ARF5,1,0.0
LTA,1,0.0
ETNPPL,1,0.0
DYNC1I2,1,0.0
MNAT1,1,0.0
ORMDL2,1,0.0
HSPE1-MOB4,1,0.0
CTXN1,1,0.0
NKX6-3,1,0.0
SARS2,1,0.0
OR9A2,1,0.0
C22ORF15,1,0.0
FSIP2,1,0.0
SPECC1,1,0.0
TMEM243,1,0.0
TCF7L1,1,0.0
GCLM,1,0.0
VCX2,1,0.0
PRDX2,1,0.0
PRMT6,1,0.0
SFXN3,1,0.0
GNB1,1,0.0
MRFAP1,1,0.0
STXBP1,1,0.0
OAS1,1,0.0
EFNA3,1,0.0
SLC19A3,1,0.0
HS6ST2,1,0.0
SLFN12L,1,0.0
ZNF816-ZNF321P,1,0.0
SCGB1C2,1,0.0
USP44,1,0.0
RAB6D,1,0.0
NOP56,1,0.0
DDX39B,1,0.0
RCN1,1,0.0
GAGE2A,1,0.0
TMSB4Y,1,0.0
ZNF253,1,0.0
TMEM25,1,0.0
CELA3A,1,0.0
QDPR,1,0.0
NT5C3B,1,0.0
OR4F6,1,0.0
PLXNA4,1,0.0
ARPIN-AP3S2,1,0.0
GMIP,1,0.0
TRIM29,1,0.0
CLIP4,1,0.0
ADAM12,1,0.0
TSPAN13,1,0.0
ZNF564,1,0.0
H3C6,1,0.0
ACTR8,1,0.0
SLC25A6,1,0.0
PANK3,1,0.0
TADA2A,1,0.0
CYP3A4,1,0.0
TRIML2,1,0.0
CCDC146,1,0.0
GIPC2,1,0.0
PRDX4,1,0.0
DBX1,1,0.0
AKAP13,1,0.0
WDR43,1,0.0
ATP4B,1,0.0
ABRAXAS2,1,0.0
ZNF385D,1,0.0
TK1,1,0.0
CCDC197,1,0.0
SRSF9,1,0.0
RIMS2,1,0.0
GLP2R,1,0.0
CFLAR,1,0.0
DACT3,1,0.0
SH2D5,1,0.0
MYF5,1,0.0
KLHL40,1,0.0
FLNA,1,0.0
PI4KA,1,0.0
OR8B2,1,0.0
LIN7A,1,0.0
ZRANB2,1,0.0
ARL15,1,0.0
MRPS6,1,0.0
PCDHB15,1,0.0
TAS2R43,1,0.0
RSPH3,1,0.0
SLC9C1,1,0.0
TAP2,1,0.0
SERF1B,1,0.0
SLC22A10,1,0.0
ZNF679,1,0.0
LILRA2,1,0.0
PTH2R,1,0.0
FUT6,1,0.0
WAS,1,0.0
RPP14,1,0.0
SLC25A5,1,0.0
PARP2,1,0.0
SPESP1,1,0.0
IL7,1,0.0
CWC27,1,0.0
MPV17L,1,0.0
SHOC1,1,0.0
H2BC11,1,0.0
ZNF736,1,0.0
NFIC,1,0.0
NCOR2,1,0.0
WFDC6,1,0.0
NSUN5,1,0.0
INSL5,1,0.0
GAD2,1,0.0
EPHB6,1,0.0
ZC2HC1B,1,0.0
TNFRSF6B,1,0.0
WBP1,1,0.0
GNAQ,1,0.0
NAPRT,1,0.0
NDUFC2-KCTD14,1,0.0
KCNK7,1,0.0
TNP2,1,0.0
SPRR4,1,0.0
PDZD3,1,0.0
KRT73,1,0.0
IRAK4,1,0.0
KRT74,1,0.0
CATSPERB,1,0.0
OTOR,1,0.0
LGALS4,1,0.0
TERB2,1,0.0
CCDC107,1,0.0
SSTR4,1,0.0
CLEC20A,1,0.0
NIPA2,1,0.0
CCDC42,1,0.0
DEFB131B,1,0.0
USP17L13,1,0.0
LDLRAD2,1,0.0
UBD,1,0.0
AMHR2,1,0.0
KLRC2,1,0.0
LMLN2,1,0.0
TKT,1,0.0
EIF4G2,1,0.0
ATXN2L,1,0.0
BRDT,1,0.0
ASAH2,1,0.0
ZNF710,1,0.0
HIPK3,1,0.0
ATP6V0A4,1,0.0
PKD1L2,1,0.0
LMOD3,1,0.0
CLEC12B,1,0.0
GOLGA8N,1,0.0
CST6,1,0.0
ELOVL3,1,0.0
HCAR1,1,0.0
ANKRD35,1,0.0
PLA2G2E,1,0.0
KAZALD1,1,0.0
TMEM132E,1,0.0
LYPD6B,1,0.0
FABP6,1,0.0
CA5A,1,0.0
P2RY4,1,0.0
RAG2,1,0.0
STK31,1,0.0
NUDT6,1,0.0
ARHGEF33,1,0.0
ASTE1,1,0.0
HES2,1,0.0
KRT72,1,0.0
ST3GAL1,1,0.0
PIGU,1,0.0
ARHGEF25,1,0.0
NOMO2,1,0.0
RPS11,1,0.0
ZNF587,1,0.0
NEK5,1,0.0
ZNF727,1,0.0
DAB2IP,1,0.0
AFAP1,1,0.0
IFNE,1,0.0
AQP5,1,0.0
TEAD3,1,0.0
SLC11A1,1,0.0
MICB,1,0.0
VAX2,1,0.0
SLC16A8,1,0.0
ELAPOR2,1,0.0
RUSC2,1,0.0
OR5AS1,1,0.0
FPGT,1,0.0
PPTC7,1,0.0
TSPAN3,1,0.0
TSPAN9,1,0.0
FOLR3,1,0.0
CD207,1,0.0
ADAM15,1,0.0
STKLD1,1,0.0
GPBAR1,1,0.0
TP53TG3,1,0.0
IL1RAPL2,1,0.0
PRICKLE4,1,0.0
TAS2R31,1,0.0
OR10AD1,1,0.0
SLC24A5,1,0.0
CCDC9,1,0.0
GPHB5,1,0.0
TAS2R1,1,0.0
ETV3L,1,0.0
BRD9,1,0.0
CUEDC1,1,0.0
PPP1R2B,1,0.0
ACOT12,1,0.0
OAS2,1,0.0
HTATIP2,1,0.0
OR4C12,1,0.0
SLC39A1,1,0.0
OC90,1,0.0
SNCG,1,0.0
CLASRP,1,0.0
CD200R1L,1,0.0
DMRT2,1,0.0
PAGE5,1,0.0
CUZD1,1,0.0
SYNDIG1L,1,0.0
PAMR1,1,0.0
PHF11,1,0.0
TMEM106B,1,0.0
SOCS6,1,0.0
KISS1,1,0.0
CD46,1,0.0
GLIPR1L2,1,0.0
FAM228A,1,0.0
OTUD7A,1,0.0
WFS1,1,0.0
RITA1,1,0.0
DOK4,1,0.0
NOBOX,1,0.0
PKIA,1,0.0
ITGA6,1,0.0
CETN2,1,0.0
DEFB132,1,0.0
CNPY2,1,0.0
HHIPL1,1,0.0
CEACAM21,1,0.0
ACSS3,1,0.0
ACKR4,1,0.0
TUBB6,1,0.0
SPATS1,1,0.0
UPB1,1,0.0
MUC3A,1,0.0
CLEC7A,1,0.0
CYP2F1,1,0.0
HYI,1,0.0
CENPB,1,0.0
FBN1,1,0.0
RPL29,1,0.0
ATP6V1F,1,0.0
FASLG,1,0.0
GDF11,1,0.0
CCR7,1,0.0
CALB2,1,0.0
HTR1D,1,0.0
MX1,1,0.0
OR10A7,1,0.0
LRRC24,1,0.0
GADD45G,1,0.0
DTX3L,1,0.0
ARHGAP42,1,0.0
TUBA3E,1,0.0
CORT,1,0.0
MCF2L2,1,0.0
XKR5,1,0.0
GPR12,1,0.0
KRTAP10-9,1,0.0
PLAGL2,1,0.0
DEFB127,1,0.0
MT-ND4,1,0.0
CNN3,1,0.0
