gene,in_variance_set,in_centrality_set,in_kegg_set,n_sources,variance_rank,centrality_rank,ensg_ids,biotype
ACTA2-AS1,True,False,False,1,1064.0,,ENSG00000180139,LNCRNA
ACTBP11,False,True,False,1,,3968.0,ENSG00000188460,PROCESSED_PSEUDOGENE
ACTBP2,False,True,False,1,,3585.0,ENSG00000213763,PROCESSED_PSEUDOGENE
ACTBP9,False,True,False,1,,4081.0,ENSG00000266920,PROCESSED_PSEUDOGENE
ADARB2-AS1,False,True,False,1,,1531.0,ENSG00000205696,LNCRNA
ADCY10P1,False,True,False,1,,4842.0,ENSG00000161912,TRANSCRIBED_UNPROCESSED_PSEUDOGENE
ADGRA1-AS1,False,True,False,1,,2797.0,ENSG00000256925,LNCRNA
AFG3L1P,False,True,False,1,,2880.0,ENSG00000223959,TRANSCRIBED_UNITARY_PSEUDOGENE
AGAP2-AS1,True,False,False,1,1850.0,,ENSG00000255737,LNCRNA
AHI1-DT,False,True,False,1,,30.0,ENSG00000231028,LNCRNA
AIDAP1,False,True,False,1,,2651.0,ENSG00000230154,PROCESSED_PSEUDOGENE
AIG1P1,False,True,False,1,,366.0,ENSG00000249089,UNPROCESSED_PSEUDOGENE
AKAP8P1,False,True,False,1,,1237.0,ENSG00000234146,PROCESSED_PSEUDOGENE
AKT3-IT1,False,True,False,1,,882.0,ENSG00000228939,LNCRNA
ALDH1L1-AS2,False,True,False,1,,3487.0,ENSG00000246022,LNCRNA
ALOX12P2,False,True,False,1,,3927.0,ENSG00000262943,TRANSCRIBED_UNPROCESSED_PSEUDOGENE
ALOX15P2,False,True,False,1,,459.0,ENSG00000188101,UNPROCESSED_PSEUDOGENE
ANAPC1P2,True,False,False,1,3724.0,,ENSG00000231259,UNPROCESSED_PSEUDOGENE
ANKRD20A19P,False,True,False,1,,4848.0,ENSG00000196593,TRANSCRIBED_UNPROCESSED_PSEUDOGENE
ANKRD44-IT1,False,True,False,1,,3845.0,ENSG00000236977,LNCRNA
ANTXRLP1,False,True,False,1,,3283.0,ENSG00000263482,UNPROCESSED_PSEUDOGENE
AOAH-IT1,False,True,False,1,,712.0,ENSG00000230539,LNCRNA
AP1G2-AS1,True,False,False,1,4511.0,,ENSG00000258727,LNCRNA
APRG1,False,True,False,1,,91.0,ENSG00000198590,LNCRNA
APTR,False,True,False,1,,3681.0,ENSG00000214293,LNCRNA
AQP4-AS1,False,True,False,1,,4269.0,ENSG00000260372,LNCRNA
ARGFXP2,False,True,False,1,,2906.0,ENSG00000265293,PROCESSED_PSEUDOGENE
ARHGAP15-AS1,False,True,False,1,,1025.0,ENSG00000231758,LNCRNA
ARHGAP26-AS1,False,True,False,1,,838.0,ENSG00000226272,LNCRNA
ARHGAP26-IT1,False,True,False,1,,1946.0,ENSG00000230789,LNCRNA
ARHGEF26-AS1,False,True,False,1,,1591.0,"ENSG00000243069,ENSG00000281157",LNCRNA
ARHGEF7-IT1,False,True,False,1,,954.0,ENSG00000233644,LNCRNA
ARHGEF9-IT1,False,True,False,1,,1904.0,ENSG00000231729,LNCRNA
ARMCX7P,True,False,False,1,3363.0,,ENSG00000204072,TRANSCRIBED_UNPROCESSED_PSEUDOGENE
ARRDC1-AS1,False,True,False,1,,4240.0,ENSG00000203993,LNCRNA
ARRDC3-AS1,False,True,False,1,,1171.0,ENSG00000281357,LNCRNA
ASMTL-AS1,False,True,False,1,,4268.0,ENSG00000236017,LNCRNA
ASTN2-AS1,False,True,False,1,,170.0,ENSG00000229105,LNCRNA
ATG10-AS1,False,True,False,1,,101.0,ENSG00000248192,LNCRNA
ATP5MC2P3,False,True,False,1,,660.0,ENSG00000230482,PROCESSED_PSEUDOGENE
ATP5MKP1,False,True,False,1,,3864.0,ENSG00000231549,PROCESSED_PSEUDOGENE
ATP5PBP1,False,True,False,1,,2121.0,ENSG00000224451,PROCESSED_PSEUDOGENE
ATP6V0E1P1,False,True,False,1,,1284.0,ENSG00000225364,PROCESSED_PSEUDOGENE
ATP8A2P2,False,True,False,1,,783.0,ENSG00000229800,PROCESSED_PSEUDOGENE
B3GALNT1P1,False,True,False,1,,4363.0,ENSG00000229948,PROCESSED_PSEUDOGENE
B3GALT5-AS1,False,True,False,1,,2987.0,ENSG00000184809,LNCRNA
BAGE2,False,True,False,1,,2263.0,ENSG00000187172,TRANSCRIBED_UNPROCESSED_PSEUDOGENE
BANCR,True,False,False,1,344.0,,ENSG00000278910,LNCRNA
BASP1-AS1,False,True,False,1,,483.0,ENSG00000215196,LNCRNA
BBS7-DT,False,True,False,1,,71.0,ENSG00000261501,LNCRNA
BCDIN3D-AS1,False,True,False,1,,3796.0,ENSG00000258057,LNCRNA
BCL10-AS1,False,True,False,1,,4851.0,ENSG00000223653,LNCRNA
BCYRN1,True,False,False,1,265.0,,ENSG00000236824,SCRNA
BIRC6-AS2,False,True,False,1,,482.0,ENSG00000279897,TRANSCRIBED_UNPROCESSED_PSEUDOGENE
BMP2KL,False,True,False,1,,17.0,ENSG00000204113,PROCESSED_PSEUDOGENE
BMS1P1,False,True,False,1,,2971.0,ENSG00000204177,TRANSCRIBED_UNPROCESSED_PSEUDOGENE
BNIP3P25,False,True,False,1,,982.0,ENSG00000268322,PROCESSED_PSEUDOGENE
BRD7P1,False,True,False,1,,2798.0,"ENSG00000259043,ENSG00000284831",PROCESSED_PSEUDOGENE
BRD7P3,False,True,False,1,,1310.0,ENSG00000169075,PROCESSED_PSEUDOGENE
BRD7P4,False,True,False,1,,610.0,ENSG00000218676,PROCESSED_PSEUDOGENE
BVES-AS1,False,True,False,1,,3168.0,ENSG00000203808,LNCRNA
BZW1P2,True,False,False,1,1406.0,,ENSG00000198406,PROCESSED_PSEUDOGENE
C10ORF95-AS1,False,True,False,1,,4707.0,ENSG00000269609,LNCRNA
C1ORF220,False,True,False,1,,1963.0,ENSG00000213057,LNCRNA
C21ORF62-AS1,False,True,False,1,,239.0,"ENSG00000205930,ENSG00000263140",LNCRNA
C3P1,False,True,False,1,,1802.0,ENSG00000167798,TRANSCRIBED_UNPROCESSED_PSEUDOGENE
C4BPAP1,False,True,False,1,,1041.0,ENSG00000224462,UNPROCESSED_PSEUDOGENE
C4BPAP2,False,True,False,1,,1868.0,ENSG00000232621,UNPROCESSED_PSEUDOGENE
C4B_2,True,False,False,1,1089.0,,ENSG00000233312,PROTEIN_CODING
C4ORF46P2,False,True,False,1,,2902.0,ENSG00000248503,TRANSCRIBED_PROCESSED_PSEUDOGENE
C5ORF64,False,True,False,1,,25.0,ENSG00000178722,LNCRNA
C8ORF34-AS1,False,True,False,1,,791.0,ENSG00000248801,LNCRNA
CACNA1C-IT3,False,True,False,1,,2437.0,"ENSG00000256721,ENSG00000284775",LNCRNA
CACNA2D1-AS1,False,True,False,1,,114.0,ENSG00000223770,LNCRNA
CACNA2D3-AS1,False,True,False,1,,661.0,ENSG00000243715,LNCRNA
CADM2-AS1,False,True,False,1,,115.0,ENSG00000239519,LNCRNA
CADM2-AS2,False,True,False,1,,102.0,ENSG00000241648,LNCRNA
CAMTA1-AS2,False,True,False,1,,4917.0,ENSG00000237728,LNCRNA
CARMN,True,False,False,1,3089.0,,ENSG00000249669,LNCRNA
CASC17,False,True,False,1,,2052.0,ENSG00000260785,LNCRNA
CASC19,False,True,False,1,,2729.0,ENSG00000254166,LNCRNA
CASC9,False,True,False,1,,2881.0,ENSG00000249395,LNCRNA
CBX3P3,False,True,False,1,,1398.0,ENSG00000250045,PROCESSED_PSEUDOGENE
CBX5P1,False,True,False,1,,1672.0,ENSG00000241535,PROCESSED_PSEUDOGENE
CCDC183-AS1,False,True,False,1,,3124.0,ENSG00000228544,LNCRNA
CCDC26,False,True,False,1,,825.0,ENSG00000229140,LNCRNA
CCNB2P1,False,True,False,1,,454.0,ENSG00000214998,PROCESSED_PSEUDOGENE
CCNB3P1,False,True,False,1,,4098.0,ENSG00000249616,PROCESSED_PSEUDOGENE
CCNY-AS1,False,True,False,1,,3386.0,ENSG00000271335,LNCRNA
CDC27P3,False,True,False,1,,4054.0,ENSG00000283005,PROCESSED_PSEUDOGENE
CDH3-AS1,True,True,False,2,4078.0,1871.0,ENSG00000260577,LNCRNA
CDK4P1,False,True,False,1,,3295.0,ENSG00000225036,PROCESSED_PSEUDOGENE
CDPF1P1,False,True,False,1,,3277.0,ENSG00000227799,PROCESSED_PSEUDOGENE
CEBPB-AS1,False,True,False,1,,413.0,ENSG00000277449,LNCRNA
CELF2-AS1,True,False,False,1,4764.0,,ENSG00000181800,LNCRNA
CELF2-DT,False,True,False,1,,408.0,ENSG00000270111,LNCRNA
CENPUP2,False,True,False,1,,1113.0,ENSG00000258546,PROCESSED_PSEUDOGENE
CHCHD4P5,False,True,False,1,,72.0,ENSG00000225222,PROCESSED_PSEUDOGENE
CHD1-DT,False,True,False,1,,1304.0,ENSG00000248489,LNCRNA
CHMP1B-AS1,True,False,False,1,3034.0,,ENSG00000267165,LNCRNA
CHP1P1,False,True,False,1,,2484.0,ENSG00000248930,PROCESSED_PSEUDOGENE
CIRBP-AS1,False,True,False,1,,3147.0,ENSG00000267493,LNCRNA
CLEC12A-AS1,False,True,False,1,,3501.0,ENSG00000231560,LNCRNA
CLK2P1,False,True,False,1,,4854.0,ENSG00000232553,PROCESSED_PSEUDOGENE
CNIH3-AS2,False,True,False,1,,2165.0,ENSG00000233384,LNCRNA
CNTN4-AS2,False,True,False,1,,3004.0,ENSG00000227588,LNCRNA
COL25A1-DT,False,True,False,1,,4722.0,ENSG00000246774,LNCRNA
COPB2-DT,False,True,False,1,,4432.0,ENSG00000248932,LNCRNA
COPG2IT1,True,False,False,1,3111.0,,ENSG00000286214,LNCRNA
COPS8-DT,False,True,False,1,,1791.0,ENSG00000227252,LNCRNA
COX10-DT,False,True,False,1,,1804.0,ENSG00000236088,LNCRNA
COX5BP3,False,True,False,1,,202.0,ENSG00000235967,PROCESSED_PSEUDOGENE
CPB2-AS1,False,True,False,1,,4510.0,ENSG00000235903,LNCRNA
CPEB2-DT,False,True,False,1,,4590.0,"ENSG00000247624,ENSG00000282962",LNCRNA
CRMA,True,True,False,2,397.0,2764.0,ENSG00000174403,LNCRNA
CROCCP3,False,True,False,1,,504.0,ENSG00000080947,TRANSCRIBED_UNPROCESSED_PSEUDOGENE
CRYZP1,False,True,False,1,,2975.0,"ENSG00000233025,ENSG00000282789",PROCESSED_PSEUDOGENE
CSMD2-AS1,False,True,False,1,,2508.0,ENSG00000231163,LNCRNA
CSNK1G2P1,False,True,False,1,,2635.0,ENSG00000234534,PROCESSED_PSEUDOGENE
CSPG4P10,True,False,False,1,4520.0,,"ENSG00000276710,ENSG00000282457",TRANSCRIBED_UNPROCESSED_PSEUDOGENE
CSPG4P11,True,True,False,2,4359.0,4756.0,ENSG00000259726,TRANSCRIBED_UNPROCESSED_PSEUDOGENE
CSPG4P12,False,True,False,1,,3489.0,ENSG00000259295,TRANSCRIBED_UNPROCESSED_PSEUDOGENE
CTBP1-AS,False,True,False,1,,1993.0,ENSG00000280927,LNCRNA
CTBP2P2,False,True,False,1,,4751.0,ENSG00000235746,PROCESSED_PSEUDOGENE
CYP2U1-AS1,False,True,False,1,,2693.0,ENSG00000245293,LNCRNA
CYYR1-AS1,False,True,False,1,,60.0,ENSG00000197934,LNCRNA
CZIB-DT,False,True,False,1,,96.0,ENSG00000259818,LNCRNA
DANT1,True,False,False,1,4679.0,,ENSG00000229335,LNCRNA
DDX18P5,False,True,False,1,,211.0,ENSG00000255220,PROCESSED_PSEUDOGENE
DDX3ILA1,False,True,False,1,,3023.0,ENSG00000232756,LNCRNA
DDX3P1,False,True,False,1,,3588.0,ENSG00000232928,PROCESSED_PSEUDOGENE
DEFB122,False,True,False,1,,4480.0,ENSG00000204547,TRANSCRIBED_UNPROCESSED_PSEUDOGENE
DELEC1,False,True,False,1,,260.0,ENSG00000173077,LNCRNA
DEPDC1P1,False,True,False,1,,584.0,ENSG00000259358,PROCESSED_PSEUDOGENE
DGCR5,False,True,False,1,,1743.0,ENSG00000273032,LNCRNA
DHFRP2,False,True,False,1,,86.0,"ENSG00000228432,ENSG00000230016,ENSG00000233161,ENSG00000233604,ENSG00000236851","PROCESSED_PSEUDOGENE,TRANSCRIBED_PROCESSED_PSEUDOGENE"
DIAPH1-AS1,False,True,False,1,,921.0,ENSG00000246422,LNCRNA
DICER1-AS1,False,True,False,1,,768.0,ENSG00000235706,LNCRNA
DISC1-IT1,False,True,False,1,,358.0,ENSG00000226758,LNCRNA
DLG2-AS2,False,True,False,1,,1544.0,ENSG00000255311,LNCRNA
DLGAP1-AS3,False,True,False,1,,2147.0,ENSG00000263724,LNCRNA
DLGAP1-AS5,False,True,False,1,,1228.0,ENSG00000261520,LNCRNA
DLGAP4-AS1,False,True,False,1,,3322.0,ENSG00000232907,LNCRNA
DMBT1L1,False,True,False,1,,759.0,ENSG00000176584,TRANSCRIBED_UNITARY_PSEUDOGENE
DNAJA2-DT,False,True,False,1,,2922.0,ENSG00000261173,LNCRNA
DNAJB6P7,False,True,False,1,,187.0,ENSG00000243508,PROCESSED_PSEUDOGENE
DNM1P47,True,False,False,1,2506.0,,ENSG00000259660,TRANSCRIBED_UNPROCESSED_PSEUDOGENE
DNM1P51,True,True,False,2,4633.0,1555.0,ENSG00000235370,TRANSCRIBED_UNPROCESSED_PSEUDOGENE
DNM3OS,True,False,False,1,1985.0,,ENSG00000230630,LNCRNA
DOCK4-AS1,False,True,False,1,,3381.0,ENSG00000225572,LNCRNA
DOCK8-AS2,False,True,False,1,,4192.0,ENSG00000227155,LNCRNA
DPRXP1,False,True,False,1,,2243.0,ENSG00000224323,PROCESSED_PSEUDOGENE
DPY19L2P1,True,True,False,2,2183.0,2386.0,ENSG00000189212,TRANSCRIBED_UNPROCESSED_PSEUDOGENE
DPY19L2P3,False,True,False,1,,4027.0,ENSG00000227855,TRANSCRIBED_UNPROCESSED_PSEUDOGENE
DPY19L4P1,False,True,False,1,,3586.0,ENSG00000229663,PROCESSED_PSEUDOGENE
DRAIC,False,True,False,1,,2655.0,ENSG00000245750,LNCRNA
DRD5P2,False,True,False,1,,1078.0,ENSG00000175658,PROCESSED_PSEUDOGENE
DSCR4,False,True,False,1,,525.0,ENSG00000184029,LNCRNA
DSP-AS1,True,False,False,1,3306.0,,ENSG00000261189,LNCRNA
DSTNP1,False,True,False,1,,2974.0,ENSG00000230982,PROCESSED_PSEUDOGENE
DTD1-AS1,False,True,False,1,,1279.0,ENSG00000233993,LNCRNA
DTX2P1-UPK3BP1-PMS2P11,False,True,False,1,,4859.0,ENSG00000265479,LNCRNA
DUSP8P5,False,True,False,1,,4795.0,ENSG00000235316,PROCESSED_PSEUDOGENE
DUTP7,False,True,False,1,,2279.0,ENSG00000250473,PROCESSED_PSEUDOGENE
DUX4L17,False,True,False,1,,1018.0,ENSG00000259154,UNPROCESSED_PSEUDOGENE
DUX4L19,False,True,False,1,,1986.0,ENSG00000258991,UNPROCESSED_PSEUDOGENE
DUX4L34,False,True,False,1,,3595.0,ENSG00000282935,UNPROCESSED_PSEUDOGENE
E2F3P1,False,True,False,1,,4372.0,ENSG00000267046,PROCESSED_PSEUDOGENE
EDDM3CP,False,True,False,1,,700.0,ENSG00000234060,PROCESSED_PSEUDOGENE
EEF1A1P1,False,True,False,1,,3294.0,ENSG00000223822,PROCESSED_PSEUDOGENE
EEF1A1P12,False,True,False,1,,3919.0,ENSG00000214199,PROCESSED_PSEUDOGENE
EEF1A1P16,False,True,False,1,,4243.0,ENSG00000213235,PROCESSED_PSEUDOGENE
EEF1A1P17,False,True,False,1,,4629.0,ENSG00000257907,PROCESSED_PSEUDOGENE
EEF1A1P24,False,True,False,1,,3728.0,ENSG00000223668,PROCESSED_PSEUDOGENE
EEF1A1P28,False,True,False,1,,4429.0,ENSG00000237709,PROCESSED_PSEUDOGENE
EEF1A1P29,False,True,False,1,,4538.0,ENSG00000215093,PROCESSED_PSEUDOGENE
EEF1A1P38,False,True,False,1,,3327.0,ENSG00000261557,PROCESSED_PSEUDOGENE
EEF1A1P5,True,False,False,1,3771.0,,ENSG00000196205,PROCESSED_PSEUDOGENE
EEF1A1P7,False,True,False,1,,1920.0,ENSG00000268222,PROCESSED_PSEUDOGENE
EEF1A1P8,False,True,False,1,,1723.0,ENSG00000223529,PROCESSED_PSEUDOGENE
EEF1A1P9,False,True,False,1,,4225.0,ENSG00000249264,PROCESSED_PSEUDOGENE
EFCAB6-AS1,False,True,False,1,,467.0,ENSG00000223843,LNCRNA
EIF1B-AS1,False,True,False,1,,389.0,ENSG00000280739,LNCRNA
EIF2S2P5,False,True,False,1,,3187.0,ENSG00000225650,PROCESSED_PSEUDOGENE
EIF3FP3,True,True,False,2,1585.0,4365.0,ENSG00000233426,PROCESSED_PSEUDOGENE
EIF4A1P4,False,True,False,1,,4565.0,ENSG00000257790,PROCESSED_PSEUDOGENE
EIF4BP5,False,True,False,1,,4335.0,ENSG00000261336,PROCESSED_PSEUDOGENE
EIF4BP7,False,True,False,1,,2782.0,ENSG00000225031,PROCESSED_PSEUDOGENE
EML6-AS1,False,True,False,1,,1903.0,ENSG00000231334,LNCRNA
ENPP7P8,False,True,False,1,,1970.0,ENSG00000255319,TRANSCRIBED_UNPROCESSED_PSEUDOGENE
ENTPD1-AS1,False,True,False,1,,1185.0,ENSG00000226688,LNCRNA
EOLA1-DT,False,True,False,1,,4513.0,ENSG00000241769,LNCRNA
EOLA2-DT,False,True,False,1,,717.0,ENSG00000235703,LNCRNA
EP400P1,False,True,False,1,,4438.0,"ENSG00000185684,ENSG00000288400",TRANSCRIBED_UNPROCESSED_PSEUDOGENE
EPC1-AS1,False,True,False,1,,1051.0,ENSG00000229327,LNCRNA
EPIC1,False,True,False,1,,33.0,ENSG00000224271,LNCRNA
EPM2A-DT,False,True,False,1,,1402.0,ENSG00000235652,LNCRNA
ERICH2-DT,False,True,False,1,,1202.0,ENSG00000234350,LNCRNA
ERVK13-1,False,True,False,1,,678.0,ENSG00000260565,LNCRNA
ERVK9-11,False,True,False,1,,2186.0,"ENSG00000269486,ENSG00000282930",LNCRNA
FABP5P7,True,False,False,1,2508.0,,ENSG00000234964,PROCESSED_PSEUDOGENE
FABP6-AS1,False,True,False,1,,4857.0,ENSG00000247699,LNCRNA
FABP7P1,False,True,False,1,,1223.0,ENSG00000226766,PROCESSED_PSEUDOGENE
FAM136CP,False,True,False,1,,1524.0,ENSG00000232830,PROCESSED_PSEUDOGENE
FAM13A-AS1,False,True,False,1,,1713.0,ENSG00000248019,LNCRNA
FAM153CP,False,True,False,1,,1201.0,ENSG00000204677,LNCRNA
FAM157A,True,False,False,1,1766.0,,ENSG00000236438,TRANSCRIBED_UNPROCESSED_PSEUDOGENE
FAM238C,False,True,False,1,,4166.0,ENSG00000283709,TRANSCRIBED_UNPROCESSED_PSEUDOGENE
FAM242A,False,True,False,1,,129.0,ENSG00000231934,LNCRNA
FAM30A,False,True,False,1,,4916.0,"ENSG00000226777,ENSG00000277059",LNCRNA
FAM3C2P,True,False,False,1,1299.0,,ENSG00000174028,PROCESSED_PSEUDOGENE
FAM3D-AS1,False,True,False,1,,2680.0,ENSG00000244383,LNCRNA
FAM86B3P,False,True,False,1,,2683.0,"ENSG00000173295,ENSG00000285119",TRANSCRIBED_UNPROCESSED_PSEUDOGENE
FAR2P2,True,False,False,1,4197.0,,ENSG00000178162,TRANSCRIBED_UNPROCESSED_PSEUDOGENE
FBXO38-DT,False,True,False,1,,2070.0,ENSG00000247199,LNCRNA
FCF1P5,False,True,False,1,,2292.0,ENSG00000220392,PROCESSED_PSEUDOGENE
FGF13-AS1,False,True,False,1,,4426.0,ENSG00000226031,LNCRNA
FGF14-AS1,False,True,False,1,,532.0,ENSG00000234445,LNCRNA
FGF14-IT1,False,True,False,1,,346.0,ENSG00000243319,LNCRNA
FKBP1AP2,False,True,False,1,,4460.0,ENSG00000259691,PROCESSED_PSEUDOGENE
FOXN3-AS2,False,True,False,1,,748.0,ENSG00000259073,LNCRNA
FRG1-DT,False,True,False,1,,1.0,"ENSG00000245685,ENSG00000280716,ENSG00000281543,ENSG00000281787,ENSG00000283244,ENSG00000283668",LNCRNA
FTH1P24,False,True,False,1,,1798.0,ENSG00000249302,PROCESSED_PSEUDOGENE
FTLP2,False,True,False,1,,2184.0,ENSG00000232368,PROCESSED_PSEUDOGENE
FTX,False,True,False,1,,1690.0,ENSG00000230590,LNCRNA
GABRG3-AS1,False,True,False,1,,381.0,ENSG00000228740,LNCRNA
GALNT7-DT,False,True,False,1,,859.0,ENSG00000245213,LNCRNA
GAPDHP39,False,True,False,1,,3943.0,ENSG00000239207,PROCESSED_PSEUDOGENE
GAPDHP42,False,True,False,1,,4615.0,ENSG00000219881,PROCESSED_PSEUDOGENE
GAPDHP72,False,True,False,1,,4313.0,ENSG00000216624,TRANSCRIBED_PROCESSED_PSEUDOGENE
GARS1-DT,False,True,False,1,,1031.0,ENSG00000196295,LNCRNA
GATA6-AS1,True,False,False,1,1519.0,,ENSG00000266010,LNCRNA
GCSHP5,True,False,False,1,2116.0,,ENSG00000224837,PROCESSED_PSEUDOGENE
GHRLOS,False,True,False,1,,4430.0,ENSG00000240288,LNCRNA
GJA6P,False,True,False,1,,1487.0,ENSG00000236187,PROCESSED_PSEUDOGENE
GJD2-DT,True,False,False,1,1082.0,,ENSG00000250007,LNCRNA
GLULP5,False,True,False,1,,3975.0,ENSG00000257915,PROCESSED_PSEUDOGENE
GMDS-DT,False,True,False,1,,256.0,ENSG00000250903,LNCRNA
GNAO1-AS1,False,True,False,1,,639.0,ENSG00000261439,LNCRNA
GNAO1-DT,False,True,False,1,,47.0,ENSG00000246379,LNCRNA
GOLGA2P11,False,True,False,1,,2380.0,ENSG00000260062,TRANSCRIBED_UNPROCESSED_PSEUDOGENE
GOLGA2P5,False,True,False,1,,474.0,ENSG00000238105,TRANSCRIBED_UNPROCESSED_PSEUDOGENE
GOLGA2P7,True,False,False,1,2839.0,,ENSG00000225151,TRANSCRIBED_UNPROCESSED_PSEUDOGENE
GOLGA5P1,False,True,False,1,,1067.0,ENSG00000251215,PROCESSED_PSEUDOGENE
GOLGA6EP,False,True,False,1,,1425.0,ENSG00000187812,TRANSCRIBED_UNPROCESSED_PSEUDOGENE
GOT1-DT,False,True,False,1,,453.0,ENSG00000224934,LNCRNA
GPM6A-DT,False,True,False,1,,862.0,ENSG00000249106,LNCRNA
GRM5P1,False,True,False,1,,531.0,"ENSG00000205035,ENSG00000285164",TRANSCRIBED_UNPROCESSED_PSEUDOGENE
GSK3B-DT,False,True,False,1,,510.0,ENSG00000242622,LNCRNA
GSTT1,True,False,False,1,2180.0,,ENSG00000277656,PROTEIN_CODING
GTF2I-AS1,False,True,False,1,,419.0,ENSG00000232729,LNCRNA
GTF2IP20,False,True,False,1,,4434.0,ENSG00000272645,TRANSCRIBED_UNPROCESSED_PSEUDOGENE
GTF2IP4,True,False,False,1,2616.0,,ENSG00000233369,TRANSCRIBED_PROCESSED_PSEUDOGENE
GTF2IP7,False,True,False,1,,2973.0,ENSG00000227038,TRANSCRIBED_UNPROCESSED_PSEUDOGENE
GTF3AP2,False,True,False,1,,465.0,ENSG00000258966,TRANSCRIBED_PROCESSED_PSEUDOGENE
GUCY2GP,False,True,False,1,,1373.0,ENSG00000243316,TRANSCRIBED_UNITARY_PSEUDOGENE
GUSBP1,False,True,False,1,,1650.0,ENSG00000183666,TRANSCRIBED_UNPROCESSED_PSEUDOGENE
GUSBP11,True,True,False,2,2284.0,891.0,ENSG00000228315,LNCRNA
GUSBP14,True,False,False,1,4160.0,,ENSG00000253816,UNPROCESSED_PSEUDOGENE
GVINP1,True,False,False,1,4722.0,,ENSG00000254838,TRANSCRIBED_UNPROCESSED_PSEUDOGENE
H19,True,False,False,1,37.0,,"ENSG00000130600,ENSG00000288237",LNCRNA
H3P33,False,True,False,1,,1008.0,ENSG00000255492,PROCESSED_PSEUDOGENE
H3P6,True,False,False,1,351.0,,ENSG00000235655,PROCESSED_PSEUDOGENE
HAND2-AS1,True,False,False,1,1792.0,,ENSG00000237125,LNCRNA
HCG18,True,True,False,2,2052.0,4618.0,"ENSG00000224619,ENSG00000224705,ENSG00000228894,ENSG00000230660,ENSG00000231074,ENSG00000234893,ENSG00000235727",LNCRNA
HCP5,True,False,False,1,2205.0,,"ENSG00000206337,ENSG00000227429,ENSG00000230389,ENSG00000237105",LNCRNA
HECW1-IT1,False,True,False,1,,519.0,ENSG00000181211,LNCRNA
HELLPAR,False,True,False,1,,281.0,ENSG00000281344,LNCRNA
HERC2P2,True,False,False,1,1948.0,,"ENSG00000276550,ENSG00000280787",TRANSCRIBED_UNPROCESSED_PSEUDOGENE
HEXD-IT1,False,True,False,1,,1022.0,ENSG00000279066,LNCRNA
HHIP-AS1,True,False,False,1,2865.0,,ENSG00000248890,LNCRNA
HLA-DRB3,True,False,False,1,4362.0,,"ENSG00000196101,ENSG00000230463,ENSG00000231679",PROTEIN_CODING
HLCS-AS1,False,True,False,1,,2003.0,ENSG00000224790,LNCRNA
HLCS-IT1,False,True,False,1,,2016.0,ENSG00000237646,LNCRNA
HMGB1P5,True,False,False,1,2792.0,,ENSG00000132967,TRANSCRIBED_PROCESSED_PSEUDOGENE
HMGB1P6,True,False,False,1,1165.0,,ENSG00000259781,PROCESSED_PSEUDOGENE
HMGN1P12,False,True,False,1,,3895.0,"ENSG00000247911,ENSG00000274138",PROCESSED_PSEUDOGENE
HMGN2P35,False,True,False,1,,3237.0,ENSG00000232875,PROCESSED_PSEUDOGENE
HNF4A-AS1,False,True,False,1,,2285.0,ENSG00000229005,LNCRNA
HNRNPA1P54,False,True,False,1,,3051.0,ENSG00000236539,PROCESSED_PSEUDOGENE
HNRNPA1P60,False,True,False,1,,4245.0,ENSG00000233497,PROCESSED_PSEUDOGENE
HNRNPA3P15,False,True,False,1,,1586.0,ENSG00000225636,PROCESSED_PSEUDOGENE
HNRNPKP4,False,True,False,1,,3414.0,ENSG00000243547,PROCESSED_PSEUDOGENE
HNRNPRP1,False,True,False,1,,1824.0,ENSG00000223984,PROCESSED_PSEUDOGENE
HOTAIRM1,True,False,False,1,4513.0,,ENSG00000233429,LNCRNA
HRG-AS1,False,True,False,1,,861.0,ENSG00000197099,LNCRNA
HSD17B1-AS1,True,False,False,1,4129.0,,ENSG00000266962,LNCRNA
HSDL2-AS1,False,True,False,1,,107.0,ENSG00000230185,LNCRNA
HSP90AA6P,False,True,False,1,,2647.0,ENSG00000181359,TRANSCRIBED_PROCESSED_PSEUDOGENE
HSPA7,True,False,False,1,2847.0,,ENSG00000225217,UNPROCESSED_PSEUDOGENE
HSPA8P1,False,True,False,1,,3567.0,ENSG00000234176,PROCESSED_PSEUDOGENE
HSPA8P5,False,True,False,1,,4397.0,ENSG00000256356,PROCESSED_PSEUDOGENE
HSPA8P8,False,True,False,1,,4853.0,ENSG00000229091,PROCESSED_PSEUDOGENE
HSPA9P1,False,True,False,1,,4749.0,ENSG00000226666,PROCESSED_PSEUDOGENE
HSPD1P8,False,True,False,1,,4884.0,ENSG00000215357,PROCESSED_PSEUDOGENE
HSPE1P11,False,True,False,1,,4788.0,ENSG00000187762,PROCESSED_PSEUDOGENE
HSPE1P13,False,True,False,1,,1317.0,ENSG00000225900,PROCESSED_PSEUDOGENE
HSPE1P18,False,True,False,1,,2904.0,ENSG00000255163,PROCESSED_PSEUDOGENE
HTR1DP1,False,True,False,1,,4490.0,ENSG00000275811,PROCESSED_PSEUDOGENE
HULC,False,True,False,1,,666.0,ENSG00000285219,LNCRNA
HYDIN2,True,False,False,1,3399.0,,ENSG00000276975,TRANSCRIBED_UNPROCESSED_PSEUDOGENE
IGHA1,True,False,False,1,1524.0,,"ENSG00000211895,ENSG00000282633",IG_C_GENE
IGHA2,True,False,False,1,4092.0,,"ENSG00000211890,ENSG00000276173",IG_C_GENE
IGHG1,True,False,False,1,1260.0,,"ENSG00000211896,ENSG00000277633",IG_C_GENE
IGHG2,True,False,False,1,2529.0,,"ENSG00000211893,ENSG00000274497",IG_C_GENE
IGHM,True,True,False,2,1657.0,4190.0,"ENSG00000211899,ENSG00000282657",IG_C_GENE
IGKC,True,False,False,1,241.0,,ENSG00000211592,IG_C_GENE
IGLC1,True,False,False,1,4044.0,,ENSG00000211675,IG_C_GENE
IGLC2,True,True,False,2,1135.0,4241.0,ENSG00000211677,IG_C_GENE
IGLC3,True,False,False,1,3888.0,,ENSG00000211679,IG_C_GENE
IL12A-AS1,False,True,False,1,,1592.0,ENSG00000244040,LNCRNA
ILF2P1,False,True,False,1,,2295.0,ENSG00000244226,PROCESSED_PSEUDOGENE
IMPDH1P11,False,True,False,1,,4541.0,ENSG00000261647,PROCESSED_PSEUDOGENE
INE1,False,True,False,1,,4454.0,ENSG00000224975,LNCRNA
INTS6-AS1,False,True,False,1,,718.0,ENSG00000236778,LNCRNA
IPO5P1,False,True,False,1,,3263.0,ENSG00000269837,TRANSCRIBED_PROCESSED_PSEUDOGENE
IQCH-AS1,False,True,False,1,,3456.0,ENSG00000259673,LNCRNA
IRX4-AS1,True,False,False,1,2266.0,,ENSG00000249116,LNCRNA
ITGB1P1,True,False,False,1,232.0,,ENSG00000269378,PROCESSED_PSEUDOGENE
ITPK1-AS1,False,True,False,1,,1546.0,"ENSG00000258730,ENSG00000280802",LNCRNA
ITPK1P1,False,True,False,1,,4703.0,ENSG00000237351,PROCESSED_PSEUDOGENE
JCADP1,False,True,False,1,,3706.0,ENSG00000235012,PROCESSED_PSEUDOGENE
KANSL1L-AS1,False,True,False,1,,199.0,ENSG00000229127,LNCRNA
KAZN-AS1,False,True,False,1,,3208.0,ENSG00000234593,LNCRNA
KCNAB1-AS2,False,True,False,1,,2113.0,ENSG00000240596,LNCRNA
KCND3-AS1,False,True,False,1,,2185.0,ENSG00000237556,LNCRNA
KCNMA1-AS1,False,True,False,1,,1117.0,ENSG00000236467,LNCRNA
KCNMA1-AS2,False,True,False,1,,2704.0,ENSG00000225497,LNCRNA
KCNMA1-AS3,False,True,False,1,,485.0,ENSG00000225652,LNCRNA
KCNMB2-AS1,False,True,False,1,,682.0,ENSG00000237978,LNCRNA
KCNQ1OT1,False,True,False,1,,4594.0,ENSG00000269821,LNCRNA
KCTD9P1,False,True,False,1,,1121.0,ENSG00000225014,TRANSCRIBED_PROCESSED_PSEUDOGENE
KHDC1-AS1,False,True,False,1,,3297.0,ENSG00000229852,LNCRNA
KIF5C-AS1,False,True,False,1,,2679.0,ENSG00000231079,LNCRNA
KIF9-AS1,False,True,False,1,,4075.0,ENSG00000227398,LNCRNA
KLC1-AS1,False,True,False,1,,1934.0,ENSG00000246451,LNCRNA
KNOP1P2,False,True,False,1,,1359.0,ENSG00000270429,PROCESSED_PSEUDOGENE
KRBOX1-AS1,False,True,False,1,,1178.0,ENSG00000206552,LNCRNA
KRR1P1,False,True,False,1,,2920.0,ENSG00000237672,PROCESSED_PSEUDOGENE
KRT18P31,False,True,False,1,,441.0,ENSG00000249850,PROCESSED_PSEUDOGENE
KRT18P57,False,True,False,1,,317.0,ENSG00000215867,PROCESSED_PSEUDOGENE
KTN1-AS1,False,True,False,1,,2794.0,ENSG00000186615,LNCRNA
L3MBTL4-AS1,False,True,False,1,,142.0,ENSG00000264707,LNCRNA
LAMTOR5-AS1,False,True,False,1,,386.0,ENSG00000224699,LNCRNA
LCAL1,False,True,False,1,,3831.0,ENSG00000286042,LNCRNA
LCMT1-AS2,False,True,False,1,,750.0,ENSG00000260034,LNCRNA
LDHAP3,False,True,False,1,,4427.0,ENSG00000236090,PROCESSED_PSEUDOGENE
LDHAP7,False,True,False,1,,4005.0,ENSG00000235847,PROCESSED_PSEUDOGENE
LENG8-AS1,False,True,False,1,,2957.0,"ENSG00000226696,ENSG00000275470",LNCRNA
LGALSL-DT,False,True,False,1,,151.0,ENSG00000223935,LNCRNA
LGMNP1,False,True,False,1,,3814.0,ENSG00000214269,PROCESSED_PSEUDOGENE
LIFR-AS1,False,True,False,1,,3974.0,ENSG00000244968,LNCRNA
LIMD1-AS1,True,False,False,1,3081.0,,ENSG00000230530,LNCRNA
LINC-PINT,False,True,False,1,,4393.0,ENSG00000231721,LNCRNA
LINC00051,False,True,False,1,,4433.0,ENSG00000254008,LNCRNA
LINC00174,False,True,False,1,,332.0,ENSG00000179406,LNCRNA
LINC00235,False,True,False,1,,2801.0,"ENSG00000277142,ENSG00000282485",LNCRNA
LINC00265,False,True,False,1,,4789.0,ENSG00000188185,LNCRNA
LINC00273,True,False,False,1,860.0,,ENSG00000256642,LNCRNA
LINC00276,False,True,False,1,,64.0,ENSG00000230448,LNCRNA
LINC00299,False,True,False,1,,2278.0,ENSG00000236790,LNCRNA
LINC00320,False,True,False,1,,15.0,ENSG00000224924,LNCRNA
LINC00343,False,True,False,1,,2972.0,ENSG00000226620,LNCRNA
LINC00352,False,True,False,1,,4292.0,ENSG00000227893,LNCRNA
LINC00368,False,True,False,1,,3236.0,ENSG00000225870,LNCRNA
LINC00393,False,True,False,1,,784.0,ENSG00000224853,LNCRNA
LINC00404,False,True,False,1,,2049.0,ENSG00000229520,LNCRNA
LINC00410,False,True,False,1,,739.0,ENSG00000231674,LNCRNA
LINC00461,False,True,False,1,,4721.0,ENSG00000245526,LNCRNA
LINC00486,False,True,False,1,,1387.0,ENSG00000230876,LNCRNA
LINC00491,False,True,False,1,,2308.0,ENSG00000250682,LNCRNA
LINC00499,False,True,False,1,,83.0,ENSG00000251372,LNCRNA
LINC00507,False,True,False,1,,293.0,ENSG00000256193,LNCRNA
LINC00528,False,True,False,1,,4861.0,ENSG00000269220,LNCRNA
LINC00534,False,True,False,1,,3651.0,ENSG00000253394,LNCRNA
LINC00547,False,True,False,1,,1676.0,ENSG00000275226,LNCRNA
LINC00558,False,True,False,1,,1834.0,ENSG00000261517,LNCRNA
LINC00575,False,True,False,1,,1264.0,ENSG00000231782,LNCRNA
LINC00607,True,False,False,1,4704.0,,ENSG00000235770,LNCRNA
LINC00608,False,True,False,1,,2587.0,ENSG00000236445,LNCRNA
LINC00621,False,True,False,1,,193.0,ENSG00000262619,LNCRNA
LINC00630,False,True,False,1,,1128.0,ENSG00000223546,LNCRNA
LINC00648,True,True,False,2,3692.0,1073.0,ENSG00000259129,LNCRNA
LINC00652,False,True,False,1,,84.0,ENSG00000179935,LNCRNA
LINC00663,False,True,False,1,,1805.0,ENSG00000266904,LNCRNA
LINC00690,False,True,False,1,,515.0,ENSG00000233570,LNCRNA
LINC00691,False,True,False,1,,3002.0,ENSG00000224074,LNCRNA
LINC00836,False,True,False,1,,233.0,ENSG00000280809,LNCRNA
LINC00861,False,True,False,1,,2654.0,ENSG00000245164,LNCRNA
LINC00871,False,True,False,1,,4031.0,"ENSG00000258700,ENSG00000288232",LNCRNA
LINC00877,False,True,False,1,,3259.0,ENSG00000241163,LNCRNA
LINC00879,False,True,False,1,,1774.0,"ENSG00000239589,ENSG00000285436",LNCRNA
LINC00881,True,True,False,2,293.0,4395.0,ENSG00000241135,LNCRNA
LINC00891,False,True,False,1,,1849.0,ENSG00000281852,LNCRNA
LINC00898,False,True,False,1,,1479.0,ENSG00000205634,LNCRNA
LINC00901,False,True,False,1,,4623.0,ENSG00000242385,LNCRNA
LINC00907,False,True,False,1,,295.0,ENSG00000267586,LNCRNA
LINC00928,False,True,False,1,,925.0,ENSG00000259218,LNCRNA
LINC00937,False,True,False,1,,2363.0,ENSG00000226091,LNCRNA
LINC00939,False,True,False,1,,409.0,ENSG00000249267,LNCRNA
LINC00955,False,True,False,1,,4265.0,ENSG00000216560,LNCRNA
LINC01001,True,False,False,1,2020.0,,ENSG00000230724,LNCRNA
LINC01005,False,True,False,1,,1756.0,ENSG00000228564,LNCRNA
LINC01007,False,True,False,1,,1397.0,ENSG00000233123,LNCRNA
LINC01013,True,False,False,1,4037.0,,ENSG00000228495,LNCRNA
LINC01019,False,True,False,1,,1365.0,ENSG00000248118,LNCRNA
LINC01029,False,True,False,1,,1407.0,ENSG00000265843,LNCRNA
LINC01046,False,True,False,1,,279.0,ENSG00000233405,LNCRNA
LINC01093,False,True,False,1,,4755.0,ENSG00000249173,LNCRNA
LINC01106,True,False,False,1,4885.0,,ENSG00000175772,LNCRNA
LINC01114,False,True,False,1,,1213.0,ENSG00000234177,LNCRNA
LINC01120,False,True,False,1,,3157.0,ENSG00000223631,LNCRNA
LINC01146,False,True,False,1,,4123.0,ENSG00000258867,LNCRNA
LINC01147,False,True,False,1,,4516.0,ENSG00000258826,LNCRNA
LINC01159,False,True,False,1,,677.0,ENSG00000229743,LNCRNA
LINC01160,False,True,False,1,,4267.0,ENSG00000231346,LNCRNA
LINC01176,False,True,False,1,,3191.0,ENSG00000281404,LNCRNA
LINC01192,False,True,False,1,,24.0,ENSG00000241369,LNCRNA
LINC01202,False,True,False,1,,2716.0,ENSG00000280776,LNCRNA
LINC01203,False,True,False,1,,1205.0,ENSG00000226985,LNCRNA
LINC01205,False,True,False,1,,66.0,ENSG00000228980,LNCRNA
LINC01206,False,True,False,1,,160.0,ENSG00000242512,LNCRNA
LINC01210,False,True,False,1,,693.0,ENSG00000239513,LNCRNA
LINC01224,False,True,False,1,,4051.0,ENSG00000269416,LNCRNA
LINC01226,False,True,False,1,,3.0,ENSG00000284543,LNCRNA
LINC01232,False,True,False,1,,1165.0,ENSG00000280734,LNCRNA
LINC01234,False,True,False,1,,2365.0,ENSG00000249550,LNCRNA
LINC01235,True,False,False,1,3924.0,,ENSG00000270547,LNCRNA
LINC01238,False,True,False,1,,1036.0,"ENSG00000237940,ENSG00000261186,ENSG00000280733,ENSG00000281213",LNCRNA
LINC01241,False,True,False,1,,981.0,ENSG00000236306,LNCRNA
LINC01247,False,True,False,1,,987.0,ENSG00000227007,LNCRNA
LINC01250,False,True,False,1,,458.0,ENSG00000234423,LNCRNA
LINC01285,False,True,False,1,,19.0,ENSG00000203650,LNCRNA
LINC01287,False,True,False,1,,2042.0,ENSG00000234722,LNCRNA
LINC01299,False,True,False,1,,1241.0,ENSG00000254081,LNCRNA
LINC01310,False,True,False,1,,1277.0,ENSG00000205632,LNCRNA
LINC01322,False,True,False,1,,4624.0,ENSG00000244128,LNCRNA
LINC01355,False,True,False,1,,2656.0,"ENSG00000261326,ENSG00000283124",LNCRNA
LINC01356,False,True,False,1,,4655.0,ENSG00000215866,LNCRNA
LINC01359,False,True,False,1,,181.0,ENSG00000226891,LNCRNA
LINC01370,False,True,False,1,,1580.0,ENSG00000237767,LNCRNA
LINC01378,False,True,False,1,,282.0,ENSG00000236922,LNCRNA
LINC01405,True,False,False,1,2541.0,,ENSG00000185847,LNCRNA
LINC01409,False,True,False,1,,216.0,ENSG00000237491,LNCRNA
LINC01422,False,True,False,1,,131.0,ENSG00000223704,LNCRNA
LINC01424,False,True,False,1,,4119.0,ENSG00000236519,LNCRNA
LINC01427,False,True,False,1,,2133.0,ENSG00000225321,LNCRNA
LINC01442,False,True,False,1,,150.0,ENSG00000227510,LNCRNA
LINC01445,False,True,False,1,,219.0,ENSG00000231427,LNCRNA
LINC01446,False,True,False,1,,1386.0,ENSG00000205628,LNCRNA
LINC01460,False,True,False,1,,2620.0,ENSG00000205334,LNCRNA
LINC01471,False,True,False,1,,641.0,ENSG00000239921,LNCRNA
LINC01499,False,True,False,1,,236.0,ENSG00000255171,LNCRNA
LINC01501,False,True,False,1,,536.0,ENSG00000229613,LNCRNA
LINC01505,False,True,False,1,,2213.0,ENSG00000234323,LNCRNA
LINC01515,False,True,False,1,,4248.0,"ENSG00000228065,ENSG00000283079",LNCRNA
LINC01524,False,True,False,1,,4486.0,ENSG00000234948,LNCRNA
LINC01544,False,True,False,1,,493.0,ENSG00000260440,LNCRNA
LINC01562,False,True,False,1,,34.0,ENSG00000203356,LNCRNA
LINC01569,False,True,False,1,,2532.0,ENSG00000262468,LNCRNA
LINC01579,False,True,False,1,,961.0,ENSG00000258754,LNCRNA
LINC01581,False,True,False,1,,1131.0,ENSG00000259724,LNCRNA
LINC01582,False,True,False,1,,1864.0,ENSG00000259611,LNCRNA
LINC01584,False,True,False,1,,1481.0,ENSG00000260477,LNCRNA
LINC01595,False,True,False,1,,2816.0,ENSG00000259108,LNCRNA
LINC01608,False,True,False,1,,243.0,ENSG00000253877,LNCRNA
LINC01613,False,True,False,1,,3241.0,ENSG00000261432,LNCRNA
LINC01614,True,False,False,1,4920.0,,ENSG00000230838,LNCRNA
LINC01615,True,False,False,1,3254.0,,ENSG00000223485,LNCRNA
LINC01643,False,True,False,1,,296.0,ENSG00000236052,LNCRNA
LINC01671,False,True,False,1,,728.0,ENSG00000225431,LNCRNA
LINC01672,False,True,False,1,,3066.0,ENSG00000228750,LNCRNA
LINC01675,False,True,False,1,,2543.0,ENSG00000234142,LNCRNA
LINC01683,False,True,False,1,,2376.0,ENSG00000233480,LNCRNA
LINC01694,False,True,False,1,,767.0,ENSG00000233922,LNCRNA
LINC01695,False,True,False,1,,2088.0,ENSG00000236532,LNCRNA
LINC01698,False,True,False,1,,1090.0,ENSG00000231648,LNCRNA
LINC01707,False,True,False,1,,946.0,ENSG00000223883,LNCRNA
LINC01712,False,True,False,1,,2389.0,ENSG00000231364,LNCRNA
LINC01716,False,True,False,1,,902.0,ENSG00000225657,LNCRNA
LINC01719,False,True,False,1,,4750.0,ENSG00000233396,LNCRNA
LINC01721,False,True,False,1,,171.0,ENSG00000230133,LNCRNA
LINC01722,False,True,False,1,,3207.0,ENSG00000233048,LNCRNA
LINC01723,False,True,False,1,,1486.0,ENSG00000234265,LNCRNA
LINC01727,False,True,False,1,,89.0,ENSG00000279082,LNCRNA
LINC01737,False,True,False,1,,2741.0,ENSG00000232964,LNCRNA
LINC01748,False,True,False,1,,3020.0,ENSG00000226476,LNCRNA
LINC01749,False,True,False,1,,2933.0,ENSG00000272259,LNCRNA
LINC01761,False,True,False,1,,253.0,ENSG00000233907,LNCRNA
LINC01814,False,True,False,1,,3125.0,ENSG00000236008,LNCRNA
LINC01818,False,True,False,1,,3539.0,ENSG00000230645,LNCRNA
LINC01876,False,True,False,1,,4821.0,ENSG00000226383,LNCRNA
LINC01877,False,True,False,1,,300.0,ENSG00000238217,LNCRNA
LINC01885,False,True,False,1,,3223.0,ENSG00000237880,LNCRNA
LINC01902,False,True,False,1,,591.0,ENSG00000283503,LNCRNA
LINC01919,False,True,False,1,,664.0,ENSG00000263438,LNCRNA
LINC01921,False,True,False,1,,1683.0,ENSG00000223874,LNCRNA
LINC01933,False,True,False,1,,4627.0,ENSG00000254226,LNCRNA
LINC01949,False,True,False,1,,61.0,ENSG00000288569,LNCRNA
LINC01954,True,False,False,1,4080.0,,ENSG00000271952,LNCRNA
LINC01964,False,True,False,1,,342.0,ENSG00000260840,LNCRNA
LINC01965,False,True,False,1,,1123.0,ENSG00000256637,LNCRNA
LINC01986,False,True,False,1,,4000.0,ENSG00000223587,LNCRNA
LINC01992,False,True,False,1,,3977.0,ENSG00000260019,LNCRNA
LINC01994,False,True,False,1,,832.0,ENSG00000241098,LNCRNA
LINC01997,False,True,False,1,,1480.0,ENSG00000241383,LNCRNA
LINC02010,False,True,False,1,,2755.0,ENSG00000242671,LNCRNA
LINC02013,False,True,False,1,,119.0,ENSG00000228730,LNCRNA
LINC02018,False,True,False,1,,973.0,"ENSG00000272690,ENSG00000288312",LNCRNA
LINC02028,False,True,False,1,,3006.0,ENSG00000230102,LNCRNA
LINC02053,False,True,False,1,,1265.0,ENSG00000241696,LNCRNA
LINC02054,False,True,False,1,,807.0,"ENSG00000224153,ENSG00000281250",LNCRNA
LINC02064,False,True,False,1,,3239.0,ENSG00000248391,LNCRNA
LINC02065,False,True,False,1,,1847.0,ENSG00000248846,LNCRNA
LINC02073,False,True,False,1,,353.0,ENSG00000267452,LNCRNA
LINC02074,False,True,False,1,,3474.0,ENSG00000266357,LNCRNA
LINC02080,False,True,False,1,,1037.0,ENSG00000267065,LNCRNA
LINC02109,False,True,False,1,,638.0,"ENSG00000259786,ENSG00000274882",LNCRNA
LINC02111,False,True,False,1,,3008.0,ENSG00000250822,LNCRNA
LINC02112,False,True,False,1,,450.0,ENSG00000249781,LNCRNA
LINC02128,False,True,False,1,,2885.0,ENSG00000261241,LNCRNA
LINC02140,False,True,False,1,,4050.0,ENSG00000261803,LNCRNA
LINC02175,False,True,False,1,,378.0,ENSG00000262155,LNCRNA
LINC02193,False,True,False,1,,3734.0,ENSG00000260923,LNCRNA
LINC02196,False,True,False,1,,746.0,ENSG00000250974,LNCRNA
LINC02207,False,True,False,1,,1848.0,ENSG00000258476,LNCRNA
LINC02208,True,True,False,2,4864.0,4196.0,ENSG00000250891,LNCRNA
LINC02231,False,True,False,1,,4456.0,ENSG00000248995,LNCRNA
LINC02249,False,True,False,1,,2850.0,ENSG00000225930,LNCRNA
LINC02250,False,True,False,1,,461.0,ENSG00000235731,LNCRNA
LINC02263,False,True,False,1,,1217.0,ENSG00000228358,LNCRNA
LINC02269,False,True,False,1,,3299.0,ENSG00000250708,LNCRNA
LINC02275,False,True,False,1,,697.0,ENSG00000248319,LNCRNA
LINC02312,False,True,False,1,,2470.0,ENSG00000258869,LNCRNA
LINC02324,False,True,False,1,,53.0,ENSG00000255002,LNCRNA
LINC02325,False,True,False,1,,2815.0,ENSG00000246084,LNCRNA
LINC02338,False,True,False,1,,2770.0,ENSG00000277448,LNCRNA
LINC02344,False,True,False,1,,2507.0,ENSG00000227911,LNCRNA
LINC02357,False,True,False,1,,2591.0,ENSG00000283314,LNCRNA
LINC02359,False,True,False,1,,2486.0,ENSG00000284848,LNCRNA
LINC02362,False,True,False,1,,2104.0,ENSG00000249096,LNCRNA
LINC02395,False,True,False,1,,4198.0,ENSG00000257771,LNCRNA
LINC02396,False,True,False,1,,2379.0,ENSG00000258135,LNCRNA
LINC02401,False,True,False,1,,917.0,ENSG00000257762,LNCRNA
LINC02405,False,True,False,1,,4159.0,"ENSG00000249345,ENSG00000285478",LNCRNA
LINC02406,False,True,False,1,,2705.0,ENSG00000258144,LNCRNA
LINC02488,False,True,False,1,,3570.0,ENSG00000249362,LNCRNA
LINC02492,False,True,False,1,,630.0,ENSG00000250590,LNCRNA
LINC02499,False,True,False,1,,2668.0,ENSG00000250436,LNCRNA
LINC02502,True,False,False,1,3460.0,,ENSG00000250392,LNCRNA
LINC02532,False,True,False,1,,3364.0,ENSG00000235142,LNCRNA
LINC02558,False,True,False,1,,141.0,ENSG00000230866,LNCRNA
LINC02614,False,True,False,1,,1535.0,ENSG00000241288,LNCRNA
LINC02619,False,True,False,1,,643.0,"ENSG00000249382,ENSG00000288122",LNCRNA
LINC02632,False,True,False,1,,1662.0,ENSG00000234864,LNCRNA
LINC02645,False,True,False,1,,237.0,ENSG00000234170,LNCRNA
LINC02654,False,True,False,1,,2754.0,ENSG00000226140,LNCRNA
LINC02694,False,True,False,1,,1680.0,ENSG00000175779,LNCRNA
LINC02710,False,True,False,1,,3752.0,ENSG00000255269,LNCRNA
LINC02733,False,True,False,1,,2114.0,ENSG00000255553,LNCRNA
LINC02756,False,True,False,1,,737.0,ENSG00000255332,LNCRNA
LINC02763,False,True,False,1,,1230.0,ENSG00000254968,LNCRNA
LINC02790,False,True,False,1,,1796.0,ENSG00000237435,LNCRNA
LINC02837,False,True,False,1,,4518.0,ENSG00000264464,LNCRNA
LINC02839,False,True,False,1,,3488.0,ENSG00000254123,LNCRNA
LINC02840,False,True,False,1,,3349.0,ENSG00000224893,LNCRNA
LINC02857,False,True,False,1,,184.0,ENSG00000230852,LNCRNA
LINC02860,False,True,False,1,,2623.0,ENSG00000222004,LNCRNA
LINC02871,False,True,False,1,,731.0,ENSG00000125899,LNCRNA
LINC02882,False,True,False,1,,4369.0,ENSG00000251138,LNCRNA
LINC02884,True,False,False,1,4912.0,,ENSG00000231246,LNCRNA
LINC02893,True,True,False,2,3664.0,3027.0,ENSG00000269994,LNCRNA
LINC02915,True,False,False,1,3209.0,,ENSG00000175746,LNCRNA
LINC02925,True,True,False,2,2562.0,4887.0,ENSG00000234869,LNCRNA
LINC02932,False,True,False,1,,1240.0,ENSG00000243144,LNCRNA
LINC02937,False,True,False,1,,813.0,ENSG00000230537,LNCRNA
LINC02940,False,True,False,1,,1130.0,ENSG00000235888,LNCRNA
LINC02941,True,False,False,1,4476.0,,ENSG00000236013,LNCRNA
LINC02942,False,True,False,1,,2784.0,ENSG00000237074,LNCRNA
LINC02944,False,True,False,1,,2943.0,ENSG00000238276,LNCRNA
LINC02964,False,True,False,1,,139.0,ENSG00000286122,LNCRNA
LINC02965,False,True,False,1,,669.0,ENSG00000269086,LNCRNA
LINC02982,False,True,False,1,,4761.0,"ENSG00000215246,ENSG00000281019",LNCRNA
LINC02984,True,False,False,1,3470.0,,ENSG00000237807,LNCRNA
LINC02991,False,True,False,1,,4561.0,ENSG00000196758,LNCRNA
LINC03006,False,True,False,1,,2127.0,ENSG00000272693,TRANSCRIBED_UNPROCESSED_PSEUDOGENE
LINC03009,False,True,False,1,,2224.0,"ENSG00000205485,ENSG00000282254",TRANSCRIBED_UNPROCESSED_PSEUDOGENE
LINC03031,True,False,False,1,306.0,,ENSG00000254584,LNCRNA
LMCD1-AS1,False,True,False,1,,2624.0,ENSG00000227110,LNCRNA
LNX1-AS2,False,True,False,1,,668.0,ENSG00000248494,LNCRNA
LPP-AS1,False,True,False,1,,118.0,ENSG00000224563,LNCRNA
LRP5L,False,True,False,1,,4298.0,ENSG00000100068,TRANSCRIBED_UNPROCESSED_PSEUDOGENE
LRRC77P,False,True,False,1,,2482.0,ENSG00000244227,TRANSCRIBED_UNITARY_PSEUDOGENE
LSM12P1,True,False,False,1,2982.0,,ENSG00000232024,PROCESSED_PSEUDOGENE
LTV1P1,False,True,False,1,,3868.0,ENSG00000250219,PROCESSED_PSEUDOGENE
LY86-AS1,False,True,False,1,,588.0,ENSG00000216863,LNCRNA
MACROD2-AS1,False,True,False,1,,573.0,ENSG00000235914,LNCRNA
MACROD2-IT1,False,True,False,1,,864.0,ENSG00000227927,LNCRNA
MAGI1-AS1,False,True,False,1,,4622.0,ENSG00000240175,LNCRNA
MAGI1-IT1,False,True,False,1,,2196.0,ENSG00000272610,LNCRNA
MAGI2-AS1,False,True,False,1,,939.0,ENSG00000251276,LNCRNA
MAILR,False,True,False,1,,1536.0,ENSG00000253320,LNCRNA
MALAT1,True,False,False,1,4231.0,,ENSG00000251562,LNCRNA
MALINC1,False,True,False,1,,2254.0,ENSG00000245146,LNCRNA
MANCR,True,False,False,1,3612.0,,ENSG00000231298,LNCRNA
MAP3K5-AS2,False,True,False,1,,4271.0,ENSG00000286646,LNCRNA
MAP3K9-DT,False,True,False,1,,1652.0,ENSG00000259153,LNCRNA
MARCHF11-AS1,True,False,False,1,4120.0,,ENSG00000250981,LNCRNA
MARK2P8,False,True,False,1,,1532.0,ENSG00000239503,PROCESSED_PSEUDOGENE
MCCC1-AS1,False,True,False,1,,1882.0,ENSG00000243368,LNCRNA
MED15P7,False,True,False,1,,415.0,ENSG00000234381,UNPROCESSED_PSEUDOGENE
MEG3,True,False,False,1,171.0,,ENSG00000214548,LNCRNA
MEG9,True,False,False,1,4404.0,,ENSG00000223403,LNCRNA
METTL14-DT,False,True,False,1,,955.0,ENSG00000281731,LNCRNA
METTL21AP1,False,True,False,1,,494.0,ENSG00000229623,PROCESSED_PSEUDOGENE
MFF-DT,False,True,False,1,,593.0,ENSG00000236432,LNCRNA
MFSD14C,False,True,False,1,,2918.0,ENSG00000196312,TRANSCRIBED_UNPROCESSED_PSEUDOGENE
MIATNB,False,True,False,1,,4827.0,ENSG00000244625,LNCRNA
MIOS-DT,False,True,False,1,,4053.0,ENSG00000272894,LNCRNA
MIR1-1HG,True,False,False,1,1813.0,,ENSG00000174407,LNCRNA
MIR124-1HG,False,True,False,1,,1405.0,"ENSG00000253230,ENSG00000284859",LNCRNA
MIR124-2HG,False,True,False,1,,548.0,ENSG00000254377,LNCRNA
MIR1255B2,False,True,False,1,,70.0,ENSG00000221545,MIRNA
MIR1285-1,False,True,False,1,,4616.0,ENSG00000221520,MIRNA
MIR1296,False,True,False,1,,213.0,ENSG00000221063,MIRNA
MIR1299,False,True,False,1,,2438.0,ENSG00000275377,MIRNA
MIR133A1HG,True,False,False,1,740.0,,ENSG00000265142,LNCRNA
MIR137HG,True,False,False,1,4378.0,,ENSG00000225206,LNCRNA
MIR142HG,False,True,False,1,,3026.0,ENSG00000265206,LNCRNA
MIR1537,False,True,False,1,,3816.0,ENSG00000222831,MIRNA
MIR186,False,True,False,1,,4291.0,ENSG00000207721,MIRNA
MIR223HG,True,True,False,2,1773.0,1095.0,ENSG00000274536,LNCRNA
MIR2278,False,True,False,1,,1594.0,ENSG00000252153,MIRNA
MIR22HG,True,False,False,1,1414.0,,"ENSG00000186594,ENSG00000282800",LNCRNA
MIR2355,False,True,False,1,,1905.0,ENSG00000253008,MIRNA
MIR29B2CHG,True,True,False,2,2621.0,4790.0,ENSG00000203709,LNCRNA
MIR30DHG,True,True,False,2,4114.0,3224.0,ENSG00000259820,LNCRNA
MIR3135A,False,True,False,1,,2135.0,ENSG00000266745,MIRNA
MIR3139,False,True,False,1,,539.0,ENSG00000265623,MIRNA
MIR3140,False,True,False,1,,776.0,ENSG00000264678,MIRNA
MIR3648-1,True,False,False,1,685.0,,ENSG00000275708,MIRNA
MIR3648-2,True,False,False,1,686.0,,ENSG00000264462,MIRNA
MIR3936HG,False,True,False,1,,423.0,ENSG00000233006,LNCRNA
MIR4265,False,True,False,1,,2567.0,ENSG00000264934,MIRNA
MIR4280HG,False,True,False,1,,288.0,ENSG00000233828,LNCRNA
MIR4319,False,True,False,1,,3928.0,ENSG00000265957,MIRNA
MIR4441,False,True,False,1,,4679.0,ENSG00000264810,MIRNA
MIR4502,False,True,False,1,,2947.0,ENSG00000265450,MIRNA
MIR4516,False,True,False,1,,4757.0,ENSG00000265867,MIRNA
MIR4644,False,True,False,1,,2533.0,ENSG00000266245,MIRNA
MIR4714,False,True,False,1,,2556.0,ENSG00000264480,MIRNA
MIR4729,False,True,False,1,,829.0,ENSG00000263857,MIRNA
MIR5190,False,True,False,1,,2472.0,ENSG00000266146,MIRNA
MIR5194,False,True,False,1,,2707.0,ENSG00000264653,MIRNA
MIR548A1,False,True,False,1,,2896.0,ENSG00000207775,MIRNA
MIR548AA1,False,True,False,1,,185.0,ENSG00000207704,MIRNA
MIR548AA2,False,True,False,1,,399.0,ENSG00000207688,MIRNA
MIR548AJ2,False,True,False,1,,98.0,ENSG00000221466,MIRNA
MIR548AZ,False,True,False,1,,2080.0,ENSG00000276479,MIRNA
MIR548C,False,True,False,1,,329.0,ENSG00000207546,MIRNA
MIR548D1,False,True,False,1,,179.0,ENSG00000283172,MIRNA
MIR548D2,False,True,False,1,,400.0,ENSG00000263690,MIRNA
MIR548F1,False,True,False,1,,354.0,ENSG00000221594,MIRNA
MIR548F2,False,True,False,1,,773.0,ENSG00000221782,MIRNA
MIR548H4,False,True,False,1,,311.0,ENSG00000221616,MIRNA
MIR548I1,False,True,False,1,,4676.0,ENSG00000221737,MIRNA
MIR548X2,False,True,False,1,,720.0,ENSG00000263581,MIRNA
MIR548Z,False,True,False,1,,331.0,ENSG00000266016,MIRNA
MIR5687,False,True,False,1,,683.0,ENSG00000265135,MIRNA
MIR570,False,True,False,1,,2276.0,ENSG00000207650,MIRNA
MIR5706,False,True,False,1,,462.0,ENSG00000264536,MIRNA
MIR573,False,True,False,1,,3001.0,ENSG00000207697,MIRNA
MIR576,False,True,False,1,,3969.0,ENSG00000207988,MIRNA
MIR590,False,True,False,1,,2829.0,ENSG00000207741,MIRNA
MIR600HG,True,True,False,2,2971.0,1785.0,ENSG00000236901,LNCRNA
MIR604,False,True,False,1,,2529.0,ENSG00000207612,MIRNA
MIR6081,False,True,False,1,,1027.0,ENSG00000274115,MIRNA
MIR644A,False,True,False,1,,4425.0,ENSG00000207997,MIRNA
MIR663A,True,False,False,1,1157.0,,ENSG00000284419,MIRNA
MIR663AHG,True,False,False,1,117.0,,ENSG00000227195,LNCRNA
MIR663B,True,False,False,1,1495.0,,ENSG00000221288,MIRNA
MIR7515HG,False,True,False,1,,702.0,ENSG00000236172,LNCRNA
MIR8075,False,True,False,1,,2072.0,ENSG00000277942,MIRNA
MIR8086,False,True,False,1,,3028.0,ENSG00000275036,MIRNA
MIR920,False,True,False,1,,1562.0,ENSG00000216192,MIRNA
MKLN1-AS,False,True,False,1,,4753.0,ENSG00000236753,LNCRNA
MKRN5P,False,True,False,1,,363.0,ENSG00000224430,PROCESSED_PSEUDOGENE
MMP23A,True,False,False,1,3792.0,,ENSG00000215914,UNPROCESSED_PSEUDOGENE
MRPS17P1,False,True,False,1,,988.0,ENSG00000268949,PROCESSED_PSEUDOGENE
MRPS6P2,False,True,False,1,,674.0,ENSG00000237130,PROCESSED_PSEUDOGENE
MRTFA-AS1,False,True,False,1,,1072.0,ENSG00000232564,LNCRNA
MSANTD2-AS1,False,True,False,1,,416.0,ENSG00000245498,LNCRNA
MSC-AS1,True,False,False,1,2322.0,,ENSG00000235531,LNCRNA
MT-RNR1,True,False,False,1,2738.0,,ENSG00000211459,MT_RRNA
MT-RNR2,True,False,False,1,2566.0,,ENSG00000210082,MT_RRNA
MT-TA,True,False,False,1,501.0,,ENSG00000210127,MT_TRNA
MT-TC,True,False,False,1,173.0,,ENSG00000210140,MT_TRNA
MT-TE,True,False,False,1,1156.0,,ENSG00000210194,MT_TRNA
MT-TL1,True,False,False,1,3404.0,,ENSG00000209082,MT_TRNA
MT-TL2,True,False,False,1,4872.0,,ENSG00000210191,MT_TRNA
MT-TN,True,False,False,1,205.0,,ENSG00000210135,MT_TRNA
MT-TP,True,False,False,1,79.0,,ENSG00000210196,MT_TRNA
MT-TS1,True,False,False,1,583.0,,ENSG00000210151,MT_TRNA
MT-TY,True,False,False,1,474.0,,ENSG00000210144,MT_TRNA
MT1L,True,False,False,1,2077.0,,ENSG00000260549,TRANSCRIBED_UNPROCESSED_PSEUDOGENE
MTATP6P1,True,False,False,1,2182.0,,ENSG00000248527,UNPROCESSED_PSEUDOGENE
MTCH1P2,False,True,False,1,,2255.0,ENSG00000256282,TRANSCRIBED_PROCESSED_PSEUDOGENE
MTCO2P33,False,True,False,1,,4158.0,ENSG00000217083,PROCESSED_PSEUDOGENE
MTCYBP11,False,True,False,1,,3817.0,ENSG00000224288,PROCESSED_PSEUDOGENE
MTND1P23,True,False,False,1,1316.0,,ENSG00000225972,UNPROCESSED_PSEUDOGENE
MTND2P28,True,False,False,1,2456.0,,ENSG00000225630,UNPROCESSED_PSEUDOGENE
MTND4P12,True,False,False,1,1665.0,,ENSG00000247627,PROCESSED_PSEUDOGENE
MTND4P20,False,True,False,1,,3109.0,ENSG00000233377,PROCESSED_PSEUDOGENE
MTND4P22,False,True,False,1,,3770.0,ENSG00000232772,PROCESSED_PSEUDOGENE
MTND5P24,False,True,False,1,,3769.0,ENSG00000224852,PROCESSED_PSEUDOGENE
MTUS2-AS1,False,True,False,1,,1578.0,ENSG00000179141,LNCRNA
MUC20-OT1,False,True,False,1,,572.0,"ENSG00000242086,ENSG00000280512,ENSG00000280993,ENSG00000281060,ENSG00000281603,ENSG00000281794,ENSG00000281915,ENSG00000282953",LNCRNA
MYG1P1,False,True,False,1,,1306.0,ENSG00000270846,PROCESSED_PSEUDOGENE
MYO3B-AS1,False,True,False,1,,127.0,ENSG00000231898,LNCRNA
N4BP2L2-IT2,False,True,False,1,,1886.0,ENSG00000281026,LNCRNA
NACA3P,False,True,False,1,,3530.0,ENSG00000121089,PROCESSED_PSEUDOGENE
NAMPTP1,True,False,False,1,2650.0,,ENSG00000229644,PROCESSED_PSEUDOGENE
NANOGP5,False,True,False,1,,1330.0,ENSG00000231697,TRANSCRIBED_PROCESSED_PSEUDOGENE
NAP1L1P1,False,True,False,1,,2883.0,ENSG00000254759,PROCESSED_PSEUDOGENE
NAV2-AS2,True,False,False,1,832.0,,ENSG00000254453,LNCRNA
NBPF13P,False,True,False,1,,3329.0,ENSG00000283342,UNPROCESSED_PSEUDOGENE
NCAM1-AS1,True,True,False,2,1988.0,1641.0,ENSG00000227487,LNCRNA
NCF1B,False,True,False,1,,1061.0,ENSG00000182487,TRANSCRIBED_UNPROCESSED_PSEUDOGENE
NCF1C,True,True,False,2,3585.0,1251.0,ENSG00000165178,UNPROCESSED_PSEUDOGENE
NDUFA3P2,False,True,False,1,,334.0,ENSG00000254856,PROCESSED_PSEUDOGENE
NDUFA6-DT,False,True,False,1,,2930.0,"ENSG00000237037,ENSG00000273616,ENSG00000280613,ENSG00000280811",LNCRNA
NDUFAF4P4,False,True,False,1,,998.0,ENSG00000231378,PROCESSED_PSEUDOGENE
NDUFS5P1,False,True,False,1,,4074.0,ENSG00000218424,PROCESSED_PSEUDOGENE
NEFHP1,False,True,False,1,,1085.0,ENSG00000223489,PROCESSED_PSEUDOGENE
NFIA-AS1,False,True,False,1,,972.0,ENSG00000237853,LNCRNA
NFIA-AS2,False,True,False,1,,788.0,ENSG00000237928,LNCRNA
NIP7P3,False,True,False,1,,52.0,ENSG00000218428,PROCESSED_PSEUDOGENE
NIPBL-DT,False,True,False,1,,3948.0,ENSG00000285967,LNCRNA
NKX2-1-AS1,False,True,False,1,,3300.0,ENSG00000253563,LNCRNA
NPY6R,True,True,False,2,144.0,2294.0,ENSG00000226306,TRANSCRIBED_UNITARY_PSEUDOGENE
NRG1-IT1,False,True,False,1,,795.0,ENSG00000253974,LNCRNA
NRG3-AS1,False,True,False,1,,3566.0,ENSG00000225738,LNCRNA
NRIP3-DT,False,True,False,1,,2266.0,ENSG00000253973,LNCRNA
NSFP1,True,False,False,1,2097.0,,"ENSG00000260075,ENSG00000280810,ENSG00000282733",UNPROCESSED_PSEUDOGENE
NSUN5P1,False,True,False,1,,2002.0,ENSG00000223705,TRANSCRIBED_UNPROCESSED_PSEUDOGENE
NTRK3-AS1,False,True,False,1,,894.0,ENSG00000260305,LNCRNA
NUDT16-DT,False,True,False,1,,301.0,ENSG00000250608,LNCRNA
NUDT4P2,True,False,False,1,1727.0,,ENSG00000271121,PROCESSED_PSEUDOGENE
NUP93-DT,False,True,False,1,,1406.0,ENSG00000261302,LNCRNA
OFD1P17,False,True,False,1,,3730.0,ENSG00000228212,PROCESSED_PSEUDOGENE
OLA1P3,False,True,False,1,,2856.0,ENSG00000257966,PROCESSED_PSEUDOGENE
OLMALINC,False,True,False,1,,2510.0,ENSG00000235823,LNCRNA
OR51R1P,False,True,False,1,,3794.0,ENSG00000237272,UNITARY_PSEUDOGENE
OR52P2P,False,True,False,1,,4041.0,ENSG00000171999,UNITARY_PSEUDOGENE
OR55B1P,False,True,False,1,,3021.0,ENSG00000231548,TRANSCRIBED_UNITARY_PSEUDOGENE
OR6M2P,False,True,False,1,,4889.0,ENSG00000254613,TRANSCRIBED_UNPROCESSED_PSEUDOGENE
OR7A2P,False,True,False,1,,3345.0,ENSG00000172148,TRANSCRIBED_UNPROCESSED_PSEUDOGENE
OR7E122P,False,True,False,1,,2666.0,ENSG00000215160,TRANSCRIBED_UNPROCESSED_PSEUDOGENE
OR7E25P,False,True,False,1,,355.0,ENSG00000187847,TRANSCRIBED_UNPROCESSED_PSEUDOGENE
OR9M1P,False,True,False,1,,1910.0,ENSG00000186124,TRANSCRIBED_UNPROCESSED_PSEUDOGENE
OSTM1-AS1,False,True,False,1,,2244.0,ENSG00000225174,LNCRNA
OTUD4P1,False,True,False,1,,667.0,ENSG00000118976,PROCESSED_PSEUDOGENE
PABPC1L2B-AS1,False,True,False,1,,4587.0,ENSG00000226725,LNCRNA
PABPC1P11,False,True,False,1,,3731.0,ENSG00000228810,PROCESSED_PSEUDOGENE
PABPC1P8,False,True,False,1,,1129.0,"ENSG00000228755,ENSG00000282372",PROCESSED_PSEUDOGENE
PAPPA-AS1,True,False,False,1,1323.0,,ENSG00000256040,LNCRNA
PARD6G-AS1,False,True,False,1,,2600.0,ENSG00000267270,LNCRNA
PARK7P2,False,True,False,1,,819.0,ENSG00000237631,PROCESSED_PSEUDOGENE
PARM1-AS1,False,True,False,1,,3733.0,ENSG00000249717,LNCRNA
PARP4P2,False,True,False,1,,3971.0,ENSG00000224976,UNPROCESSED_PSEUDOGENE
PATL1-DT,False,True,False,1,,1298.0,ENSG00000255355,LNCRNA
PAX8-AS1,True,False,False,1,2960.0,,ENSG00000189223,LNCRNA
PAXBP1-AS1,False,True,False,1,,270.0,ENSG00000238197,LNCRNA
PAXIP1-AS2,False,True,False,1,,4614.0,ENSG00000214106,LNCRNA
PCAT19,True,False,False,1,3299.0,,ENSG00000267107,LNCRNA
PCCA-AS1,False,True,False,1,,1766.0,ENSG00000234650,LNCRNA
PCDH9-AS2,False,True,False,1,,1696.0,ENSG00000228842,LNCRNA
PCDH9-AS3,False,True,False,1,,1790.0,ENSG00000225263,LNCRNA
PCDH9-AS4,False,True,False,1,,934.0,ENSG00000233840,LNCRNA
PCDHB1-AS1,True,False,False,1,4039.0,,ENSG00000279047,LNCRNA
PCED1B-AS1,False,True,False,1,,1617.0,ENSG00000247774,LNCRNA
PCSEAT,False,True,False,1,,778.0,ENSG00000286027,LNCRNA
PDC-AS1,False,True,False,1,,1705.0,ENSG00000229739,LNCRNA
PDCL3P4,False,True,False,1,,689.0,ENSG00000244119,TRANSCRIBED_PROCESSED_PSEUDOGENE
PDE4B-AS1,False,True,False,1,,4138.0,ENSG00000227466,LNCRNA
PDE4DIPP2,True,True,False,2,1273.0,4542.0,ENSG00000275131,TRANSCRIBED_UNPROCESSED_PSEUDOGENE
PDE6B-AS1,False,True,False,1,,3260.0,ENSG00000242686,LNCRNA
PDHA1P1,False,True,False,1,,215.0,ENSG00000270772,PROCESSED_PSEUDOGENE
PDK4-AS1,False,True,False,1,,2830.0,ENSG00000231170,LNCRNA
PDPR2P,False,True,False,1,,790.0,ENSG00000214331,TRANSCRIBED_UNPROCESSED_PSEUDOGENE
PDZRN3-AS1,True,False,False,1,4327.0,,ENSG00000239677,LNCRNA
PENK-AS1,False,True,False,1,,2297.0,ENSG00000254254,LNCRNA
PFN1P2,False,True,False,1,,2136.0,ENSG00000270392,TRANSCRIBED_PROCESSED_PSEUDOGENE
PHACTR2P1,False,True,False,1,,3825.0,ENSG00000270300,TRANSCRIBED_PROCESSED_PSEUDOGENE
PHACTR3-AS1,False,True,False,1,,866.0,ENSG00000238194,LNCRNA
PHC1P1,True,False,False,1,2823.0,,ENSG00000179899,PROCESSED_PSEUDOGENE
PHLDA1-AS1,True,False,False,1,2548.0,,ENSG00000257453,LNCRNA
PI4KAP1,True,False,False,1,4325.0,,ENSG00000274602,TRANSCRIBED_UNPROCESSED_PSEUDOGENE
PI4KAP2,True,True,False,2,4000.0,1772.0,ENSG00000183506,TRANSCRIBED_UNITARY_PSEUDOGENE
PIGFP2,False,True,False,1,,161.0,ENSG00000234881,PROCESSED_PSEUDOGENE
PIK3CD-AS1,False,True,False,1,,563.0,ENSG00000179840,LNCRNA
PIMREGP4,False,True,False,1,,1266.0,ENSG00000248340,PROCESSED_PSEUDOGENE
PKD1P1,True,False,False,1,358.0,,"ENSG00000244257,ENSG00000282522","TRANSCRIBED_UNPROCESSED_PSEUDOGENE,UNPROCESSED_PSEUDOGENE"
PKD1P3,True,False,False,1,550.0,,"ENSG00000183458,ENSG00000281965",TRANSCRIBED_UNPROCESSED_PSEUDOGENE
PKD1P4,True,False,False,1,897.0,,ENSG00000205746,TRANSCRIBED_UNPROCESSED_PSEUDOGENE
PKD1P5,True,False,False,1,1700.0,,ENSG00000254681,TRANSCRIBED_UNPROCESSED_PSEUDOGENE
PKD1P6,True,False,False,1,2405.0,,"ENSG00000250251,ENSG00000282086",TRANSCRIBED_UNPROCESSED_PSEUDOGENE
PKD2L2-DT,False,True,False,1,,2233.0,ENSG00000250159,LNCRNA
PLBD1-AS1,True,True,False,2,2977.0,4489.0,ENSG00000256751,LNCRNA
PLCB1-IT1,False,True,False,1,,1378.0,ENSG00000225479,LNCRNA
PLCG1-AS1,False,True,False,1,,1122.0,ENSG00000226648,LNCRNA
PLEKHM1P1,False,True,False,1,,2553.0,ENSG00000214176,TRANSCRIBED_UNPROCESSED_PSEUDOGENE
PLUT,False,True,False,1,,602.0,ENSG00000247381,LNCRNA
PMS2P3,False,True,False,1,,3875.0,ENSG00000127957,TRANSCRIBED_UNPROCESSED_PSEUDOGENE
PMS2P4,False,True,False,1,,1315.0,ENSG00000067601,TRANSCRIBED_UNPROCESSED_PSEUDOGENE
POLHP1,False,True,False,1,,4028.0,ENSG00000232970,PROCESSED_PSEUDOGENE
POLR2J4,False,True,False,1,,2068.0,ENSG00000214783,LNCRNA
POU5F1P5,False,True,False,1,,451.0,ENSG00000236375,PROCESSED_PSEUDOGENE
PPFIA1P1,False,True,False,1,,448.0,ENSG00000271639,PROCESSED_PSEUDOGENE
PPM1F-AS1,False,True,False,1,,2781.0,ENSG00000224086,LNCRNA
PPP1R26-AS1,False,True,False,1,,4045.0,ENSG00000225361,LNCRNA
PPP1R3B-DT,False,True,False,1,,3946.0,"ENSG00000248538,ENSG00000285236",LNCRNA
PPP1R8P1,False,True,False,1,,1789.0,ENSG00000224986,PROCESSED_PSEUDOGENE
PRDM16-DT,True,False,False,1,508.0,,ENSG00000177133,LNCRNA
PRDX2P3,False,True,False,1,,1305.0,"ENSG00000249140,ENSG00000284556",PROCESSED_PSEUDOGENE
PRDX3P4,False,True,False,1,,4918.0,ENSG00000239926,PROCESSED_PSEUDOGENE
PRELID1P1,False,True,False,1,,2897.0,ENSG00000217325,TRANSCRIBED_PROCESSED_PSEUDOGENE
PRELID1P3,False,True,False,1,,742.0,ENSG00000235816,PROCESSED_PSEUDOGENE
PRKCA-AS1,False,True,False,1,,1545.0,ENSG00000264630,LNCRNA
PRKCE-AS1,False,True,False,1,,263.0,ENSG00000228481,LNCRNA
PRKG1-AS1,False,True,False,1,,4752.0,ENSG00000236671,LNCRNA
PRKY,True,False,False,1,1533.0,,ENSG00000099725,TRANSCRIBED_UNITARY_PSEUDOGENE
PRNCR1,False,True,False,1,,373.0,ENSG00000282961,LNCRNA
PROX1-AS1,False,True,False,1,,1431.0,ENSG00000230461,LNCRNA
PRR13P1,False,True,False,1,,3587.0,ENSG00000232824,PROCESSED_PSEUDOGENE
PRR34-AS1,True,False,False,1,4102.0,,ENSG00000241990,LNCRNA
PRSS42P,True,True,False,2,395.0,1362.0,ENSG00000178055,TRANSCRIBED_UNITARY_PSEUDOGENE
PRSS43P,True,True,False,2,1020.0,2934.0,ENSG00000286651,TRANSCRIBED_UNITARY_PSEUDOGENE
PRSS44P,True,True,False,2,1122.0,4701.0,ENSG00000226074,TRANSCRIBED_UNITARY_PSEUDOGENE
PSMC1P1,True,False,False,1,754.0,,ENSG00000241506,PROCESSED_PSEUDOGENE
PSMC2P1,False,True,False,1,,4825.0,ENSG00000240854,PROCESSED_PSEUDOGENE
PSMD10P1,False,True,False,1,,1112.0,ENSG00000228663,PROCESSED_PSEUDOGENE
PSMD6-AS2,False,True,False,1,,1656.0,ENSG00000239653,LNCRNA
PSMD7-DT,False,True,False,1,,3367.0,ENSG00000261404,LNCRNA
PTENP1-AS,False,True,False,1,,2313.0,ENSG00000281128,LNCRNA
PTOV1-AS2,False,True,False,1,,1929.0,ENSG00000269352,LNCRNA
PTPRT-DT,False,True,False,1,,3921.0,ENSG00000233508,LNCRNA
PWRN1,True,True,False,2,4907.0,1374.0,ENSG00000259905,LNCRNA
PWWP2AP1,False,True,False,1,,3942.0,ENSG00000226683,PROCESSED_PSEUDOGENE
QRSL1P3,False,True,False,1,,763.0,ENSG00000257957,PROCESSED_PSEUDOGENE
RAB11FIP1P1,True,True,False,2,4644.0,1168.0,ENSG00000228492,PROCESSED_PSEUDOGENE
RAB33B-AS1,False,True,False,1,,713.0,ENSG00000273247,LNCRNA
RABGAP1L-AS1,False,True,False,1,,2610.0,ENSG00000229531,LNCRNA
RABGAP1L-DT,False,True,False,1,,2388.0,ENSG00000227373,LNCRNA
RAD17P2,False,True,False,1,,1449.0,ENSG00000223724,PROCESSED_PSEUDOGENE
RAD51-AS1,False,True,False,1,,2286.0,ENSG00000245849,LNCRNA
RAD51AP1P1,False,True,False,1,,438.0,ENSG00000214283,PROCESSED_PSEUDOGENE
RALY-AS1,False,True,False,1,,3930.0,ENSG00000285230,LNCRNA
RBBP8P1,False,True,False,1,,4076.0,ENSG00000230399,PROCESSED_PSEUDOGENE
RBFADN,False,True,False,1,,803.0,ENSG00000261126,LNCRNA
RBM22P4,False,True,False,1,,974.0,ENSG00000277769,PROCESSED_PSEUDOGENE
RBPMSLP,False,True,False,1,,3350.0,ENSG00000234159,PROCESSED_PSEUDOGENE
RC3H1-IT1,False,True,False,1,,1110.0,ENSG00000236535,LNCRNA
RCAN2-DT,False,True,False,1,,2329.0,ENSG00000236466,LNCRNA
RDM1P4,False,True,False,1,,2695.0,ENSG00000271974,TRANSCRIBED_PROCESSED_PSEUDOGENE
REXO1L1P,False,True,False,1,,3363.0,ENSG00000205176,TRANSCRIBED_PROCESSED_PSEUDOGENE
RFX3-DT,False,True,False,1,,1371.0,ENSG00000232104,LNCRNA
RIMKLBP2,False,True,False,1,,4483.0,ENSG00000225920,PROCESSED_PSEUDOGENE
RMRP,True,False,False,1,35.0,,"ENSG00000269900,ENSG00000277027","LNCRNA,RIBOZYME"
RMST,True,False,False,1,4479.0,,ENSG00000255794,LNCRNA
RN7SK,True,False,False,1,16.0,,ENSG00000283293,SNRNA
RN7SKP158,False,True,False,1,,1120.0,ENSG00000222385,MISC_RNA
RN7SKP195,False,True,False,1,,2636.0,ENSG00000252396,MISC_RNA
RN7SKP235,False,True,False,1,,2375.0,ENSG00000222594,MISC_RNA
RN7SKP40,False,True,False,1,,2694.0,ENSG00000253020,MISC_RNA
RN7SKP95,False,True,False,1,,4223.0,ENSG00000199730,MISC_RNA
RN7SKP96,False,True,False,1,,2612.0,ENSG00000252757,MISC_RNA
RN7SL1,True,False,False,1,41.0,,ENSG00000276168,MISC_RNA
RN7SL141P,False,True,False,1,,2832.0,ENSG00000243398,MISC_RNA
RN7SL147P,False,True,False,1,,2309.0,ENSG00000263988,MISC_RNA
RN7SL16P,False,True,False,1,,1812.0,ENSG00000243005,MISC_RNA
RN7SL188P,False,True,False,1,,2245.0,ENSG00000241943,MISC_RNA
RN7SL2,True,False,False,1,29.0,,ENSG00000274012,MISC_RNA
RN7SL284P,False,True,False,1,,4595.0,"ENSG00000243446,ENSG00000276516",MISC_RNA
RN7SL3,True,False,False,1,466.0,,ENSG00000278771,MISC_RNA
RN7SL413P,False,True,False,1,,2932.0,ENSG00000242893,MISC_RNA
RN7SL4P,True,False,False,1,623.0,,ENSG00000263740,MISC_RNA
RN7SL517P,False,True,False,1,,2653.0,ENSG00000241939,MISC_RNA
RN7SL531P,False,True,False,1,,2614.0,ENSG00000264071,MISC_RNA
RN7SL5P,True,False,False,1,791.0,,ENSG00000265735,MISC_RNA
RN7SL629P,False,True,False,1,,566.0,ENSG00000241243,MISC_RNA
RN7SL648P,False,True,False,1,,41.0,ENSG00000265727,MISC_RNA
RN7SL653P,False,True,False,1,,1492.0,ENSG00000239794,MISC_RNA
RN7SL760P,False,True,False,1,,1964.0,ENSG00000272469,MISC_RNA
RN7SL801P,False,True,False,1,,851.0,ENSG00000241230,MISC_RNA
RN7SL804P,False,True,False,1,,2449.0,ENSG00000266185,MISC_RNA
RN7SL91P,False,True,False,1,,3279.0,ENSG00000240439,MISC_RNA
RNA5-8SN1,True,False,False,1,1784.0,,"ENSG00000278189,ENSG00000288326",RRNA
RNA5-8SN2,True,False,False,1,1786.0,,ENSG00000278233,RRNA
RNA5-8SN3,True,False,False,1,1787.0,,"ENSG00000275215,ENSG00000288387",RRNA
RNA5-8SN4,True,False,False,1,1789.0,,ENSG00000276700,RRNA
RNA5-8SN5,True,False,False,1,1790.0,,ENSG00000274917,RRNA
RNA5SP20,False,True,False,1,,622.0,ENSG00000251785,RRNA_PSEUDOGENE
RNA5SP295,False,True,False,1,,4359.0,ENSG00000199525,RRNA_PSEUDOGENE
RNA5SP297,False,True,False,1,,841.0,ENSG00000212331,RRNA_PSEUDOGENE
RNA5SP305,False,True,False,1,,997.0,ENSG00000199535,RRNA_PSEUDOGENE
RNA5SP428,False,True,False,1,,617.0,ENSG00000201999,RRNA_PSEUDOGENE
RNA5SP44,False,True,False,1,,3019.0,ENSG00000222378,RRNA_PSEUDOGENE
RNA5SP527,False,True,False,1,,4373.0,ENSG00000274759,RRNA
RNA5SP88,False,True,False,1,,547.0,ENSG00000202430,RRNA_PSEUDOGENE
RNASEH2B-AS1,False,True,False,1,,228.0,ENSG00000233672,LNCRNA
RNF138P1,False,True,False,1,,3631.0,ENSG00000250853,PROCESSED_PSEUDOGENE
RNF139-DT,False,True,False,1,,1933.0,ENSG00000245149,LNCRNA
RNF213-AS1,False,True,False,1,,1642.0,ENSG00000263069,LNCRNA
RNU1-1,True,True,False,2,614.0,2701.0,ENSG00000206652,SNRNA
RNU1-2,True,True,False,2,615.0,2769.0,ENSG00000207005,SNRNA
RNU1-27P,True,True,False,2,616.0,2768.0,ENSG00000206596,SNRNA
RNU1-28P,True,True,False,2,617.0,2767.0,ENSG00000206588,SNRNA
RNU1-3,True,True,False,2,618.0,2702.0,ENSG00000207513,SNRNA
RNU1-4,True,True,False,2,619.0,2752.0,ENSG00000207389,SNRNA
RNU11-2P,False,True,False,1,,39.0,ENSG00000252707,SNRNA
RNU2-1,True,True,False,2,2918.0,1948.0,ENSG00000274585,SNRNA
RNU2-10P,False,True,False,1,,464.0,ENSG00000252184,SNRNA
RNU2-16P,False,True,False,1,,452.0,ENSG00000222644,SNRNA
RNU2-2P,True,True,False,2,191.0,3941.0,ENSG00000222328,SNRNA
RNU2-31P,False,True,False,1,,1870.0,ENSG00000252763,SNRNA
RNU2-41P,False,True,False,1,,360.0,ENSG00000222923,SNRNA
RNU2-55P,False,True,False,1,,1584.0,ENSG00000223078,SNRNA
RNU2-58P,False,True,False,1,,2296.0,ENSG00000252212,SNRNA
RNU2-66P,False,True,False,1,,1055.0,ENSG00000222582,SNRNA
RNU4-1,True,True,False,2,4176.0,4745.0,ENSG00000200795,SNRNA
RNU4-2,True,True,False,2,1077.0,3522.0,ENSG00000202538,SNRNA
RNU4-24P,False,True,False,1,,605.0,ENSG00000201435,SNRNA
RNU4-72P,False,True,False,1,,254.0,ENSG00000222686,SNRNA
RNU4ATAC,False,True,False,1,,2116.0,ENSG00000264229,SNRNA
RNU4ATAC11P,False,True,False,1,,1026.0,ENSG00000251748,SNRNA
RNU4ATAC12P,False,True,False,1,,2134.0,ENSG00000252269,SNRNA
RNU4ATAC16P,False,True,False,1,,69.0,ENSG00000221439,SNRNA
RNU5A-1,False,True,False,1,,4025.0,ENSG00000199568,SNRNA
RNU5B-1,False,True,False,1,,3471.0,ENSG00000200156,SNRNA
RNU5F-6P,False,True,False,1,,1932.0,ENSG00000199849,SNRNA
RNU6-1,False,True,False,1,,3704.0,ENSG00000206625,SNRNA
RNU6-1005P,False,True,False,1,,4674.0,ENSG00000207248,SNRNA
RNU6-1016P,False,True,False,1,,600.0,ENSG00000252498,SNRNA
RNU6-107P,False,True,False,1,,81.0,ENSG00000252452,SNRNA
RNU6-1141P,False,True,False,1,,1485.0,ENSG00000201390,SNRNA
RNU6-1153P,False,True,False,1,,4488.0,ENSG00000252569,SNRNA
RNU6-1176P,False,True,False,1,,1553.0,ENSG00000212257,SNRNA
RNU6-1188P,False,True,False,1,,167.0,ENSG00000200665,SNRNA
RNU6-1208P,False,True,False,1,,3473.0,ENSG00000238482,SNRNA
RNU6-1275P,False,True,False,1,,3380.0,ENSG00000212389,SNRNA
RNU6-1283P,False,True,False,1,,377.0,ENSG00000202184,SNRNA
RNU6-1284P,False,True,False,1,,1543.0,ENSG00000200571,SNRNA
RNU6-130P,False,True,False,1,,820.0,"ENSG00000223044,ENSG00000282867",SNRNA
RNU6-151P,False,True,False,1,,3037.0,ENSG00000201028,SNRNA
RNU6-171P,False,True,False,1,,1084.0,ENSG00000207082,SNRNA
RNU6-198P,False,True,False,1,,235.0,ENSG00000206985,SNRNA
RNU6-199P,False,True,False,1,,104.0,ENSG00000199824,SNRNA
RNU6-2,False,True,False,1,,3661.0,ENSG00000207357,SNRNA
RNU6-233P,False,True,False,1,,3682.0,ENSG00000222777,SNRNA
RNU6-251P,False,True,False,1,,3939.0,ENSG00000200105,SNRNA
RNU6-272P,False,True,False,1,,1044.0,ENSG00000222960,SNRNA
RNU6-315P,False,True,False,1,,1569.0,ENSG00000199536,SNRNA
RNU6-331P,False,True,False,1,,449.0,ENSG00000207455,SNRNA
RNU6-341P,False,True,False,1,,206.0,ENSG00000252782,SNRNA
RNU6-3P,False,True,False,1,,3660.0,ENSG00000207041,SNRNA
RNU6-402P,False,True,False,1,,1803.0,ENSG00000222610,SNRNA
RNU6-415P,False,True,False,1,,3095.0,ENSG00000252061,SNRNA
RNU6-444P,False,True,False,1,,1455.0,ENSG00000206715,SNRNA
RNU6-4P,False,True,False,1,,3680.0,ENSG00000206932,SNRNA
RNU6-531P,False,True,False,1,,4706.0,ENSG00000252503,SNRNA
RNU6-57P,False,True,False,1,,2293.0,ENSG00000223280,SNRNA
RNU6-595P,False,True,False,1,,1615.0,ENSG00000200814,SNRNA
RNU6-5P,False,True,False,1,,3748.0,ENSG00000206965,SNRNA
RNU6-606P,False,True,False,1,,2500.0,ENSG00000207452,SNRNA
RNU6-608P,False,True,False,1,,3093.0,ENSG00000206654,SNRNA
RNU6-613P,False,True,False,1,,672.0,ENSG00000222344,SNRNA
RNU6-638P,False,True,False,1,,4370.0,ENSG00000252391,SNRNA
RNU6-653P,False,True,False,1,,755.0,ENSG00000199944,SNRNA
RNU6-681P,False,True,False,1,,189.0,ENSG00000200882,SNRNA
RNU6-6P,False,True,False,1,,3773.0,ENSG00000272055,SNRNA
RNU6-701P,False,True,False,1,,1823.0,ENSG00000206786,SNRNA
RNU6-720P,False,True,False,1,,2855.0,ENSG00000252172,SNRNA
RNU6-759P,False,True,False,1,,1700.0,ENSG00000252549,SNRNA
RNU6-780P,False,True,False,1,,3256.0,ENSG00000212332,SNRNA
RNU6-82P,False,True,False,1,,198.0,ENSG00000200840,SNRNA
RNU6-856P,False,True,False,1,,4099.0,ENSG00000252768,SNRNA
RNU6-879P,False,True,False,1,,2387.0,ENSG00000201198,SNRNA
RNU6-9,False,True,False,1,,3726.0,ENSG00000207507,SNRNA
RNU6-91P,False,True,False,1,,679.0,ENSG00000272439,SNRNA
RNU6-97P,False,True,False,1,,753.0,ENSG00000200257,SNRNA
RNU6-998P,False,True,False,1,,1893.0,ENSG00000251703,SNRNA
RNU6ATAC,False,True,False,1,,4453.0,ENSG00000221676,SNRNA
RNU6ATAC16P,False,True,False,1,,3320.0,ENSG00000221518,SNRNA
RNU7-70P,False,True,False,1,,2404.0,ENSG00000252750,SNRNA
RNU7-73P,False,True,False,1,,611.0,ENSG00000239105,SNRNA
RNU7-84P,False,True,False,1,,889.0,ENSG00000251892,SNRNA
RNU7-96P,False,True,False,1,,1403.0,ENSG00000238719,SNRNA
RNVU1-18,True,True,False,2,620.0,2739.0,ENSG00000206737,SNRNA
RNVU1-27,False,True,False,1,,3896.0,ENSG00000274210,SNRNA
RNVU1-29,True,True,False,2,621.0,2818.0,ENSG00000273768,SNRNA
RNVU1-7,True,False,False,1,1565.0,,ENSG00000206585,SNRNA
RNY1,True,False,False,1,3386.0,,ENSG00000201098,MISC_RNA
RNY1P13,False,True,False,1,,1363.0,ENSG00000201900,MISC_RNA
RNY1P15,False,True,False,1,,1419.0,ENSG00000222351,MISC_RNA
RNY1P4,False,True,False,1,,2085.0,ENSG00000207325,MISC_RNA
RNY3,False,True,False,1,,3997.0,ENSG00000202354,MISC_RNA
RNY3P13,False,True,False,1,,4883.0,ENSG00000202412,MISC_RNA
RNY4P25,False,True,False,1,,2652.0,ENSG00000238711,MISC_RNA
RORA-AS2,False,True,False,1,,846.0,ENSG00000259482,LNCRNA
RPL10AP2,False,True,False,1,,3647.0,ENSG00000188873,PROCESSED_PSEUDOGENE
RPL10P14,False,True,False,1,,2599.0,ENSG00000260031,PROCESSED_PSEUDOGENE
RPL10P2,False,True,False,1,,3362.0,ENSG00000174572,PROCESSED_PSEUDOGENE
RPL10P4,False,True,False,1,,3402.0,ENSG00000238003,PROCESSED_PSEUDOGENE
RPL10P6,True,False,False,1,2514.0,,ENSG00000230076,PROCESSED_PSEUDOGENE
RPL12P17,False,True,False,1,,1765.0,"ENSG00000224839,ENSG00000285271",PROCESSED_PSEUDOGENE
RPL12P20,False,True,False,1,,1014.0,ENSG00000239627,PROCESSED_PSEUDOGENE
RPL12P24,False,True,False,1,,1928.0,ENSG00000243601,PROCESSED_PSEUDOGENE
RPL12P33,False,True,False,1,,1190.0,ENSG00000244585,PROCESSED_PSEUDOGENE
RPL12P38,False,True,False,1,,4242.0,ENSG00000213228,TRANSCRIBED_PROCESSED_PSEUDOGENE
RPL15P13,False,True,False,1,,1234.0,ENSG00000226428,PROCESSED_PSEUDOGENE
RPL15P2,False,True,False,1,,1461.0,ENSG00000240914,PROCESSED_PSEUDOGENE
RPL15P20,False,True,False,1,,3940.0,"ENSG00000215003,ENSG00000282445",PROCESSED_PSEUDOGENE
RPL17P17,False,True,False,1,,4329.0,ENSG00000223409,PROCESSED_PSEUDOGENE
RPL17P34,False,True,False,1,,3584.0,ENSG00000213432,PROCESSED_PSEUDOGENE
RPL17P41,False,True,False,1,,1811.0,ENSG00000213179,PROCESSED_PSEUDOGENE
RPL17P44,False,True,False,1,,3127.0,ENSG00000241088,PROCESSED_PSEUDOGENE
RPL19P21,False,True,False,1,,2852.0,ENSG00000230508,PROCESSED_PSEUDOGENE
RPL21P104,False,True,False,1,,3945.0,ENSG00000242922,PROCESSED_PSEUDOGENE
RPL21P111,False,True,False,1,,1833.0,ENSG00000237109,PROCESSED_PSEUDOGENE
RPL21P126,False,True,False,1,,1563.0,ENSG00000242320,PROCESSED_PSEUDOGENE
RPL21P127,False,True,False,1,,1411.0,ENSG00000243720,PROCESSED_PSEUDOGENE
RPL21P131,False,True,False,1,,1388.0,ENSG00000232429,PROCESSED_PSEUDOGENE
RPL21P16,True,False,False,1,4489.0,,ENSG00000220842,PROCESSED_PSEUDOGENE
RPL21P18,False,True,False,1,,2339.0,ENSG00000213343,PROCESSED_PSEUDOGENE
RPL21P33,False,True,False,1,,1655.0,ENSG00000237024,PROCESSED_PSEUDOGENE
RPL21P34,False,True,False,1,,2931.0,ENSG00000238180,PROCESSED_PSEUDOGENE
RPL21P5,False,True,False,1,,4658.0,ENSG00000258640,PROCESSED_PSEUDOGENE
RPL21P7,False,True,False,1,,1238.0,ENSG00000258613,PROCESSED_PSEUDOGENE
RPL21P8,False,True,False,1,,4238.0,ENSG00000180662,PROCESSED_PSEUDOGENE
RPL21P91,False,True,False,1,,2040.0,ENSG00000224907,PROCESSED_PSEUDOGENE
RPL22P1,True,False,False,1,1417.0,,ENSG00000213178,PROCESSED_PSEUDOGENE
RPL23AP36,False,True,False,1,,3683.0,ENSG00000225124,PROCESSED_PSEUDOGENE
RPL23AP42,True,False,False,1,38.0,,ENSG00000234851,PROCESSED_PSEUDOGENE
RPL23AP64,False,True,False,1,,4856.0,"ENSG00000240970,ENSG00000281913",PROCESSED_PSEUDOGENE
RPL23AP75,False,True,False,1,,4394.0,ENSG00000240125,PROCESSED_PSEUDOGENE
RPL23P5,False,True,False,1,,1252.0,ENSG00000230406,PROCESSED_PSEUDOGENE
RPL24P9,False,True,False,1,,3972.0,ENSG00000225722,PROCESSED_PSEUDOGENE
RPL26P26,False,True,False,1,,2521.0,ENSG00000242595,PROCESSED_PSEUDOGENE
RPL26P37,False,True,False,1,,3188.0,ENSG00000235175,PROCESSED_PSEUDOGENE
RPL31P20,False,True,False,1,,687.0,ENSG00000229756,PROCESSED_PSEUDOGENE
RPL31P7,False,True,False,1,,4004.0,ENSG00000232083,PROCESSED_PSEUDOGENE
RPL32P15,False,True,False,1,,2712.0,ENSG00000213461,PROCESSED_PSEUDOGENE
RPL32P18,False,True,False,1,,3463.0,ENSG00000146677,PROCESSED_PSEUDOGENE
RPL32P20,False,True,False,1,,3820.0,ENSG00000243537,PROCESSED_PSEUDOGENE
RPL32P3,False,True,False,1,,3894.0,ENSG00000251474,TRANSCRIBED_UNPROCESSED_PSEUDOGENE
RPL32P31,False,True,False,1,,3206.0,ENSG00000213128,PROCESSED_PSEUDOGENE
RPL34P1,False,True,False,1,,3865.0,ENSG00000237049,PROCESSED_PSEUDOGENE
RPL34P26,False,True,False,1,,1784.0,ENSG00000223676,PROCESSED_PSEUDOGENE
RPL34P31,False,True,False,1,,1249.0,ENSG00000239223,PROCESSED_PSEUDOGENE
RPL34P34,False,True,False,1,,1792.0,ENSG00000236312,PROCESSED_PSEUDOGENE
RPL35AP33,False,True,False,1,,1666.0,ENSG00000241334,PROCESSED_PSEUDOGENE
RPL35P4,False,True,False,1,,1764.0,ENSG00000213783,PROCESSED_PSEUDOGENE
RPL36AP21,False,True,False,1,,4079.0,ENSG00000240785,TRANSCRIBED_PROCESSED_PSEUDOGENE
RPL39P26,False,True,False,1,,1534.0,ENSG00000240454,PROCESSED_PSEUDOGENE
RPL3P1,False,True,False,1,,3890.0,ENSG00000228149,PROCESSED_PSEUDOGENE
RPL3P3,False,True,False,1,,1467.0,ENSG00000243388,PROCESSED_PSEUDOGENE
RPL3P4,True,False,False,1,145.0,,ENSG00000232573,PROCESSED_PSEUDOGENE
RPL3P6,False,True,False,1,,4392.0,ENSG00000213891,PROCESSED_PSEUDOGENE
RPL3P7,False,True,False,1,,2727.0,ENSG00000225093,PROCESSED_PSEUDOGENE
RPL3P8,False,True,False,1,,1155.0,ENSG00000232199,PROCESSED_PSEUDOGENE
RPL41P2,True,False,False,1,2436.0,,"ENSG00000256338,ENSG00000282105",PROCESSED_PSEUDOGENE
RPL4P7,False,True,False,1,,2899.0,ENSG00000224442,PROCESSED_PSEUDOGENE
RPL6P25,False,True,False,1,,1632.0,ENSG00000213270,PROCESSED_PSEUDOGENE
RPL6P6,False,True,False,1,,2212.0,ENSG00000231063,PROCESSED_PSEUDOGENE
RPL7AP44,False,True,False,1,,4364.0,ENSG00000231562,PROCESSED_PSEUDOGENE
RPL7L1P10,False,True,False,1,,4224.0,ENSG00000237322,PROCESSED_PSEUDOGENE
RPL7P14,False,True,False,1,,2714.0,ENSG00000232994,PROCESSED_PSEUDOGENE
RPL7P3,True,True,False,2,3009.0,4820.0,ENSG00000226094,PROCESSED_PSEUDOGENE
RPL7P47,False,True,False,1,,1853.0,ENSG00000228071,PROCESSED_PSEUDOGENE
RPL7P51,False,True,False,1,,3110.0,ENSG00000243469,PROCESSED_PSEUDOGENE
RPL7P6,False,True,False,1,,2435.0,ENSG00000227525,PROCESSED_PSEUDOGENE
RPL9P18,False,True,False,1,,4391.0,ENSG00000213309,PROCESSED_PSEUDOGENE
RPL9P33,False,True,False,1,,4396.0,ENSG00000244071,PROCESSED_PSEUDOGENE
RPLP0P8,False,True,False,1,,1712.0,ENSG00000244640,PROCESSED_PSEUDOGENE
RPLP0P9,True,False,False,1,196.0,,ENSG00000229119,PROCESSED_PSEUDOGENE
RPLP1P5,False,True,False,1,,2634.0,ENSG00000214657,PROCESSED_PSEUDOGENE
RPPH1,True,False,False,1,31.0,,ENSG00000277209,RIBOZYME
RPS12P23,False,True,False,1,,1954.0,ENSG00000180172,PROCESSED_PSEUDOGENE
RPS15AP40,False,True,False,1,,2942.0,ENSG00000233921,PROCESSED_PSEUDOGENE
RPS16P5,False,True,False,1,,945.0,ENSG00000217527,TRANSCRIBED_PROCESSED_PSEUDOGENE
RPS18P12,False,True,False,1,,1333.0,ENSG00000230897,PROCESSED_PSEUDOGENE
RPS18P13,False,True,False,1,,1336.0,ENSG00000243455,PROCESSED_PSEUDOGENE
RPS18P6,False,True,False,1,,1593.0,ENSG00000244048,PROCESSED_PSEUDOGENE
RPS20P15,False,True,False,1,,3401.0,ENSG00000227523,PROCESSED_PSEUDOGENE
RPS23P2,False,True,False,1,,2102.0,ENSG00000213448,PROCESSED_PSEUDOGENE
RPS27AP10,False,True,False,1,,1271.0,ENSG00000240974,PROCESSED_PSEUDOGENE
RPS27AP11,False,True,False,1,,3815.0,ENSG00000218208,PROCESSED_PSEUDOGENE
RPS27AP3,False,True,False,1,,3729.0,ENSG00000226144,PROCESSED_PSEUDOGENE
RPS27P16,False,True,False,1,,2264.0,ENSG00000225907,PROCESSED_PSEUDOGENE
RPS28P7,True,False,False,1,1078.0,,ENSG00000227097,PROCESSED_PSEUDOGENE
RPS29P22,False,True,False,1,,1016.0,ENSG00000240873,PROCESSED_PSEUDOGENE
RPS2P15,False,True,False,1,,928.0,ENSG00000235440,PROCESSED_PSEUDOGENE
RPS2P36,False,True,False,1,,2468.0,ENSG00000227032,PROCESSED_PSEUDOGENE
RPS2P44,False,True,False,1,,2469.0,ENSG00000243609,PROCESSED_PSEUDOGENE
RPS2P5,True,False,False,1,484.0,,ENSG00000240342,PROCESSED_PSEUDOGENE
RPS3AP12,False,True,False,1,,4702.0,ENSG00000236804,PROCESSED_PSEUDOGENE
RPS3AP25,False,True,False,1,,3628.0,ENSG00000232385,PROCESSED_PSEUDOGENE
RPS3AP36,False,True,False,1,,1188.0,ENSG00000214362,PROCESSED_PSEUDOGENE
RPS3AP49,False,True,False,1,,916.0,ENSG00000242060,PROCESSED_PSEUDOGENE
RPS7P4,False,True,False,1,,4564.0,ENSG00000229133,PROCESSED_PSEUDOGENE
RPSAP16,False,True,False,1,,1710.0,ENSG00000235145,PROCESSED_PSEUDOGENE
RPSAP49,False,True,False,1,,3625.0,ENSG00000226327,PROCESSED_PSEUDOGENE
RSU1P3,False,True,False,1,,393.0,ENSG00000213659,PROCESSED_PSEUDOGENE
RTCA-AS1,False,True,False,1,,4116.0,ENSG00000224616,LNCRNA
RUFY1-AS1,False,True,False,1,,4332.0,"ENSG00000244945,ENSG00000283808",LNCRNA
RWDD3-DT,False,True,False,1,,1007.0,ENSG00000226026,LNCRNA
SALL4P7,False,True,False,1,,4798.0,ENSG00000258692,TRANSCRIBED_PROCESSED_PSEUDOGENE
SALRNA3,False,True,False,1,,2615.0,ENSG00000281264,LNCRNA
SAMMSON,False,True,False,1,,1140.0,ENSG00000240405,LNCRNA
SAP30L-AS1,False,True,False,1,,3238.0,ENSG00000245275,LNCRNA
SCARNA1,False,True,False,1,,3632.0,ENSG00000252947,SCARNA
SCARNA10,True,True,False,2,179.0,3126.0,ENSG00000239002,SNORNA
SCARNA12,True,False,False,1,1103.0,,ENSG00000238795,SNORNA
SCARNA13,True,False,False,1,579.0,,ENSG00000252481,SCARNA
SCARNA2,True,False,False,1,300.0,,ENSG00000278249,SCARNA
SCARNA21,True,True,False,2,2029.0,2669.0,ENSG00000252835,SCARNA
SCARNA3,False,True,False,1,,308.0,ENSG00000252906,SCARNA
SCARNA5,True,True,False,2,1011.0,3282.0,"ENSG00000252010,ENSG00000280652",SCARNA
SCARNA6,True,True,False,2,4385.0,4139.0,"ENSG00000251791,ENSG00000281388",SCARNA
SCARNA7,True,False,False,1,352.0,,ENSG00000238741,SCARNA
SCARNA9,True,False,False,1,4796.0,,ENSG00000254911,LNCRNA
SCAT1,False,True,False,1,,4082.0,ENSG00000267123,LNCRNA
SCN1A-AS1,False,True,False,1,,528.0,ENSG00000236107,LNCRNA
SDAD1-AS1,False,True,False,1,,3280.0,ENSG00000245928,LNCRNA
SDCBP2-AS1,False,True,False,1,,3590.0,ENSG00000234684,LNCRNA
SDHAP3,False,True,False,1,,1484.0,ENSG00000185986,TRANSCRIBED_UNPROCESSED_PSEUDOGENE
SDHAP4,False,True,False,1,,587.0,ENSG00000214135,TRANSCRIBED_UNPROCESSED_PSEUDOGENE
SEC24B-AS1,False,True,False,1,,4704.0,ENSG00000247950,LNCRNA
SEMA3F-AS1,False,True,False,1,,3818.0,ENSG00000235016,LNCRNA
SEMA6A-AS1,False,True,False,1,,4120.0,ENSG00000248445,LNCRNA
SENCR,True,False,False,1,3806.0,,ENSG00000254703,LNCRNA
SEPSECS-AS1,False,True,False,1,,567.0,ENSG00000281501,LNCRNA
SEPTIN7P12,False,True,False,1,,3508.0,ENSG00000275562,UNPROCESSED_PSEUDOGENE
SEPTIN7P14,False,True,False,1,,1404.0,ENSG00000245958,TRANSCRIBED_UNPROCESSED_PSEUDOGENE
SETP10,False,True,False,1,,3891.0,ENSG00000231905,PROCESSED_PSEUDOGENE
SFTPD-AS1,False,True,False,1,,323.0,ENSG00000273372,LNCRNA
SH3BP5-AS1,False,True,False,1,,3064.0,ENSG00000224660,LNCRNA
SH3GL1P1,False,True,False,1,,684.0,ENSG00000266777,TRANSCRIBED_PROCESSED_PSEUDOGENE
SHISA5P2,False,True,False,1,,1006.0,ENSG00000203397,PROCESSED_PSEUDOGENE
SHLD2P2,False,True,False,1,,799.0,ENSG00000259096,PROCESSED_PSEUDOGENE
SINHCAFP3,True,False,False,1,571.0,,ENSG00000253488,PROCESSED_PSEUDOGENE
SKAP1-AS2,False,True,False,1,,4822.0,ENSG00000235300,LNCRNA
SLC16A4-AS1,False,True,False,1,,2473.0,ENSG00000273373,LNCRNA
SLC22A20P,False,True,False,1,,3049.0,ENSG00000197847,TRANSCRIBED_UNITARY_PSEUDOGENE
SLC25A3P1,False,True,False,1,,650.0,ENSG00000236253,TRANSCRIBED_PROCESSED_PSEUDOGENE
SLC25A5-AS1,False,True,False,1,,4001.0,ENSG00000224281,LNCRNA
SLC26A4-AS1,False,True,False,1,,2069.0,ENSG00000233705,LNCRNA
SLC2A3P1,True,False,False,1,1324.0,,ENSG00000253861,PROCESSED_PSEUDOGENE
SLC2A3P2,False,True,False,1,,2100.0,ENSG00000185031,PROCESSED_PSEUDOGENE
SLC41A3-AS1,False,True,False,1,,3025.0,ENSG00000250012,LNCRNA
SLC8A1-AS1,True,False,False,1,1867.0,,ENSG00000227028,LNCRNA
SLC9A3-AS1,True,False,False,1,3322.0,,ENSG00000225138,LNCRNA
SLC9A9-AS1,False,True,False,1,,2112.0,ENSG00000240012,LNCRNA
SMC2-DT,False,True,False,1,,251.0,ENSG00000270332,LNCRNA
SMC5-DT,False,True,False,1,,3262.0,ENSG00000268364,LNCRNA
SMCR5,False,True,False,1,,3382.0,ENSG00000226746,LNCRNA
SMG1P1,False,True,False,1,,3846.0,ENSG00000237296,TRANSCRIBED_UNPROCESSED_PSEUDOGENE
SMG1P3,True,True,False,2,3744.0,4419.0,ENSG00000180747,TRANSCRIBED_UNPROCESSED_PSEUDOGENE
SMIM14-DT,False,True,False,1,,2786.0,ENSG00000255458,LNCRNA
SMPD4BP,True,True,False,2,4249.0,2845.0,ENSG00000152117,TRANSCRIBED_PROCESSED_PSEUDOGENE
SMYD3-AS1,False,True,False,1,,1370.0,ENSG00000226876,LNCRNA
SNHG18,True,False,False,1,4412.0,,ENSG00000250786,LNCRNA
SNHG22,True,False,False,1,3347.0,,ENSG00000267322,LNCRNA
SNORA11,False,True,False,1,,4791.0,ENSG00000221716,SNORNA
SNORA11F,False,True,False,1,,1628.0,ENSG00000221164,SNORNA
SNORA12,False,True,False,1,,2230.0,ENSG00000212464,SNORNA
SNORA16B,False,True,False,1,,1722.0,ENSG00000201544,SNORNA
SNORA20,False,True,False,1,,3888.0,ENSG00000207392,SNORNA
SNORA22,False,True,False,1,,2586.0,ENSG00000206634,SNORNA
SNORA23,False,True,False,1,,4115.0,ENSG00000201998,SNORNA
SNORA28,False,True,False,1,,729.0,ENSG00000272533,SNORNA
SNORA2C,False,True,False,1,,4913.0,ENSG00000221491,SNORNA
SNORA31,False,True,False,1,,4699.0,ENSG00000199477,SNORNA
SNORA33,False,True,False,1,,2338.0,ENSG00000200534,SNORNA
SNORA37,False,True,False,1,,2039.0,ENSG00000207233,SNORNA
SNORA3B,False,True,False,1,,4137.0,ENSG00000212607,SNORNA
SNORA46,False,True,False,1,,4562.0,ENSG00000207493,SNORNA
SNORA47,False,True,False,1,,4193.0,ENSG00000238961,SNORNA
SNORA48,True,False,False,1,3810.0,,ENSG00000209582,SNORNA
SNORA49,False,True,False,1,,4746.0,ENSG00000208892,SNORNA
SNORA50A,False,True,False,1,,1456.0,"ENSG00000206952,ENSG00000281910",SNORNA
SNORA53,True,False,False,1,3245.0,,ENSG00000212443,SNORNA
SNORA5A,False,True,False,1,,4096.0,ENSG00000206838,SNORNA
SNORA5C,False,True,False,1,,2204.0,ENSG00000201772,SNORNA
SNORA63,True,False,False,1,4546.0,,ENSG00000200320,SNORNA
SNORA65,False,True,False,1,,1983.0,ENSG00000201302,SNORNA
SNORA66,False,True,False,1,,1395.0,ENSG00000207523,SNORNA
SNORA70G,False,True,False,1,,727.0,ENSG00000206650,SNORNA
SNORA73A,True,True,False,2,436.0,3897.0,ENSG00000274266,SNORNA
SNORA73B,True,True,False,2,536.0,3092.0,ENSG00000200087,SNORNA
SNORA74D,False,True,False,1,,3128.0,ENSG00000252213,SNORNA
SNORA79B,False,True,False,1,,4915.0,ENSG00000222489,SNORNA
SNORD100,False,True,False,1,,3438.0,ENSG00000221500,SNORNA
SNORD104,False,True,False,1,,4290.0,ENSG00000199753,SNORNA
SNORD13,False,True,False,1,,3892.0,ENSG00000239039,SNORNA
SNORD14A,False,True,False,1,,3475.0,ENSG00000272034,SNORNA
SNORD15B,False,True,False,1,,2577.0,ENSG00000207445,SNORNA
SNORD17,True,False,False,1,820.0,,ENSG00000212232,SNORNA
SNORD3A,True,False,False,1,64.0,,ENSG00000263934,SNORNA
SNORD3B-1,True,False,False,1,4368.0,,ENSG00000265185,SNORNA
SNORD3C,True,False,False,1,1595.0,,ENSG00000264940,SNORNA
SNORD3D,True,False,False,1,500.0,,"ENSG00000277947,ENSG00000281000",SNORNA
SNORD46,False,True,False,1,,4700.0,ENSG00000200913,SNORNA
SNORD59A,False,True,False,1,,4481.0,ENSG00000207031,SNORNA
SNORD6,False,True,False,1,,4136.0,ENSG00000202314,SNORNA
SNORD62A,False,True,False,1,,4794.0,ENSG00000235284,SNORNA
SNORD62B,False,True,False,1,,4793.0,ENSG00000231587,SNORNA
SNORD89,False,True,False,1,,3317.0,ENSG00000212283,SNORNA
SNORD94,False,True,False,1,,1182.0,ENSG00000208772,SNORNA
SNRPGP18,False,True,False,1,,4.0,ENSG00000257979,PROCESSED_PSEUDOGENE
SNX19P2,False,True,False,1,,2530.0,ENSG00000235500,PROCESSED_PSEUDOGENE
SORBS2-AS1,True,True,False,2,2332.0,4619.0,ENSG00000233110,LNCRNA
SORL1-AS1,False,True,False,1,,1099.0,ENSG00000246790,LNCRNA
SOX1-OT,False,True,False,1,,550.0,ENSG00000224243,LNCRNA
SOX2-OT,False,True,False,1,,1881.0,ENSG00000242808,LNCRNA
SOX5-AS1,False,True,False,1,,541.0,ENSG00000256120,LNCRNA
SOX9-AS1,False,True,False,1,,2079.0,ENSG00000234899,LNCRNA
SPAG16-DT,False,True,False,1,,1222.0,ENSG00000196096,LNCRNA
SPAG5-AS1,False,True,False,1,,3705.0,ENSG00000227543,LNCRNA
SPANXA2-OT1,False,True,False,1,,3305.0,ENSG00000277215,LNCRNA
SPATA31B1P,False,True,False,1,,1917.0,ENSG00000231649,UNPROCESSED_PSEUDOGENE
SPATA31D5P,False,True,False,1,,370.0,ENSG00000240632,TRANSCRIBED_UNPROCESSED_PSEUDOGENE
SPCS2P4,True,False,False,1,3482.0,,ENSG00000228589,PROCESSED_PSEUDOGENE
SPTBN1-AS1,False,True,False,1,,2123.0,ENSG00000228108,LNCRNA
SRD5A3-AS1,False,True,False,1,,2785.0,ENSG00000249700,LNCRNA
SRGAP2D,True,False,False,1,3010.0,,ENSG00000270872,UNPROCESSED_PSEUDOGENE
SRGAP3-AS2,False,True,False,1,,1579.0,ENSG00000228723,LNCRNA
SRGAP3-AS3,False,True,False,1,,2460.0,ENSG00000227929,LNCRNA
SRMP2,False,True,False,1,,351.0,ENSG00000258485,PROCESSED_PSEUDOGENE
SRP9P1,True,False,False,1,2657.0,,ENSG00000180581,PROCESSED_PSEUDOGENE
SRRM2-AS1,False,True,False,1,,3220.0,ENSG00000205913,LNCRNA
SSX6P,False,True,False,1,,3344.0,ENSG00000171483,TRANSCRIBED_UNPROCESSED_PSEUDOGENE
ST7-AS2,False,True,False,1,,2205.0,ENSG00000226367,LNCRNA
ST8SIA5-DT,False,True,False,1,,3242.0,ENSG00000270112,LNCRNA
STAG3L5P,False,True,False,1,,854.0,ENSG00000242294,TRANSCRIBED_UNPROCESSED_PSEUDOGENE
STAG3L5P-PVRIG2P-PILRB,True,False,False,1,3316.0,,ENSG00000272752,LNCRNA
STARD4-AS1,True,False,False,1,3909.0,,ENSG00000246859,LNCRNA
STX17-DT,False,True,False,1,,3540.0,ENSG00000255145,LNCRNA
STX18-AS1,False,True,False,1,,222.0,ENSG00000247708,LNCRNA
STX18-IT1,False,True,False,1,,910.0,ENSG00000248221,LNCRNA
SUMO2P8,False,True,False,1,,12.0,ENSG00000228976,PROCESSED_PSEUDOGENE
TAGAP-AS1,False,True,False,1,,436.0,ENSG00000271913,LNCRNA
TALAM1,True,False,False,1,1411.0,,ENSG00000289740,LNCRNA
TATDN1P1,False,True,False,1,,391.0,ENSG00000234369,PROCESSED_PSEUDOGENE
TBX5-AS1,True,False,False,1,793.0,,ENSG00000255399,LNCRNA
TCAF1P1,True,False,False,1,1883.0,,ENSG00000223459,UNPROCESSED_PSEUDOGENE
TCF4-AS1,False,True,False,1,,1610.0,ENSG00000267028,LNCRNA
TCF4-AS2,False,True,False,1,,4226.0,ENSG00000267402,LNCRNA
TCL6,False,True,False,1,,4847.0,ENSG00000187621,LNCRNA
TEKT4P2,True,False,False,1,2298.0,,ENSG00000188681,TRANSCRIBED_UNPROCESSED_PSEUDOGENE
TET2-AS1,False,True,False,1,,1440.0,ENSG00000251586,LNCRNA
TGFB2-OT1,True,False,False,1,2649.0,,ENSG00000281453,LNCRNA
THAP12P2,False,True,False,1,,1883.0,ENSG00000243915,PROCESSED_PSEUDOGENE
THBS1-IT1,True,False,False,1,4348.0,,ENSG00000276107,LNCRNA
THBS2-AS1,True,False,False,1,4452.0,,ENSG00000226445,LNCRNA
THRB-AS1,False,True,False,1,,4656.0,ENSG00000228791,LNCRNA
THRB-IT1,False,True,False,1,,2901.0,ENSG00000224822,LNCRNA
THY1-AS1,True,False,False,1,1477.0,,ENSG00000263873,LNCRNA
TMCC1-DT,False,True,False,1,,1776.0,ENSG00000271270,LNCRNA
TMED2-DT,False,True,False,1,,2436.0,ENSG00000247373,LNCRNA
TMEM147-AS1,False,True,False,1,,888.0,ENSG00000236144,LNCRNA
TMEM14EP,False,True,False,1,,339.0,ENSG00000221962,TRANSCRIBED_PROCESSED_PSEUDOGENE
TMEM161B-DT,False,True,False,1,,1381.0,ENSG00000247828,LNCRNA
TMEM212-AS1,False,True,False,1,,257.0,ENSG00000234717,LNCRNA
TMEM72-AS1,False,True,False,1,,2900.0,ENSG00000224812,LNCRNA
TMEM9B-AS1,False,True,False,1,,2555.0,ENSG00000254860,LNCRNA
TNPO1P1,False,True,False,1,,3221.0,ENSG00000225423,PROCESSED_PSEUDOGENE
TPM1-AS,True,False,False,1,1557.0,,ENSG00000259498,LNCRNA
TPTEP2,False,True,False,1,,817.0,ENSG00000244627,TRANSCRIBED_UNPROCESSED_PSEUDOGENE
TRAC,True,False,False,1,3629.0,,ENSG00000277734,TR_C_GENE
TRAF3IP2-AS1,False,True,False,1,,1148.0,ENSG00000231889,LNCRNA
TRAV12-3,False,True,False,1,,4452.0,ENSG00000211794,TR_V_GENE
TRAV13-1,False,True,False,1,,3998.0,ENSG00000211788,TR_V_GENE
TRAV2,False,True,False,1,,4361.0,ENSG00000211776,TR_V_GENE
TRAV21,False,True,False,1,,4264.0,ENSG00000211801,TR_V_GENE
TRAV23DV6,False,True,False,1,,4654.0,ENSG00000211803,TR_V_GENE
TRAV26-1,False,True,False,1,,4311.0,ENSG00000211807,TR_V_GENE
TRAV4,False,True,False,1,,3235.0,ENSG00000211778,TR_V_GENE
TRAV8-2,False,True,False,1,,3813.0,ENSG00000211786,TR_V_GENE
TRAV8-6,False,True,False,1,,3970.0,ENSG00000211795,TR_V_GENE
TRAV9-2,False,True,False,1,,4073.0,ENSG00000211793,TR_V_GENE
TRBC2,True,False,False,1,1204.0,,"ENSG00000211772,ENSG00000276849",TR_C_GENE
TRBV2,False,True,False,1,,4455.0,"ENSG00000226660,ENSG00000282568",TR_V_GENE
TRBV29-1,False,True,False,1,,4118.0,"ENSG00000232869,ENSG00000282628",TR_V_GENE
TRBV3-1,False,True,False,1,,4800.0,"ENSG00000237702,ENSG00000282624",TR_V_GENE
TRBV5-1,False,True,False,1,,3767.0,"ENSG00000211734,ENSG00000282803",TR_V_GENE
TRDN-AS1,True,True,False,2,642.0,3351.0,ENSG00000235535,LNCRNA
TRGC2,False,True,False,1,,3627.0,ENSG00000227191,TR_C_GENE
TRMT61A-DT,False,True,False,1,,542.0,ENSG00000260285,LNCRNA
TSBP1-AS1,False,True,False,1,,909.0,"ENSG00000224507,ENSG00000225834,ENSG00000225914,ENSG00000226228,ENSG00000228738,ENSG00000229903,ENSG00000230602,ENSG00000235135",LNCRNA
TSEN15P2,False,True,False,1,,3078.0,ENSG00000230604,PROCESSED_PSEUDOGENE
TTC28-AS1,False,True,False,1,,2867.0,ENSG00000235954,LNCRNA
TTLL7-IT1,False,True,False,1,,95.0,ENSG00000233061,LNCRNA
TTN-AS1,True,False,False,1,1799.0,,ENSG00000237298,LNCRNA
TUB-AS1,False,True,False,1,,4431.0,ENSG00000248332,LNCRNA
TUBAP1,False,True,False,1,,4621.0,ENSG00000237569,PROCESSED_PSEUDOGENE
TUSC7,False,True,False,1,,2364.0,ENSG00000243197,LNCRNA
TWSG1-DT,False,True,False,1,,1512.0,ENSG00000264964,LNCRNA
TXLNGY,True,False,False,1,313.0,,ENSG00000131002,TRANSCRIBED_UNPROCESSED_PSEUDOGENE
TXN2P1,False,True,False,1,,1283.0,ENSG00000213540,PROCESSED_PSEUDOGENE
TYRO3P,False,True,False,1,,2177.0,ENSG00000259581,PROCESSED_PSEUDOGENE
UBE2CP1,False,True,False,1,,2531.0,ENSG00000258648,PROCESSED_PSEUDOGENE
UBE2L2,False,True,False,1,,4179.0,ENSG00000131982,PROCESSED_PSEUDOGENE
UGDH-AS1,False,True,False,1,,3281.0,ENSG00000249348,LNCRNA
UHRF2P1,False,True,False,1,,276.0,ENSG00000223650,PROCESSED_PSEUDOGENE
UQCRFS1P1,True,False,False,1,1305.0,,ENSG00000226085,PROCESSED_PSEUDOGENE
USP12-AS1,False,True,False,1,,490.0,ENSG00000232162,LNCRNA
USP12P2,False,True,False,1,,168.0,ENSG00000224007,PROCESSED_PSEUDOGENE
USP17L6P,False,True,False,1,,3843.0,ENSG00000205946,UNPROCESSED_PSEUDOGENE
USP32P1,True,False,False,1,4590.0,,ENSG00000188933,TRANSCRIBED_UNPROCESSED_PSEUDOGENE
UXT-AS1,False,True,False,1,,582.0,ENSG00000267064,LNCRNA
VAC14-AS1,False,True,False,1,,2740.0,ENSG00000214353,LNCRNA
VDAC2P1,False,True,False,1,,3662.0,ENSG00000214976,PROCESSED_PSEUDOGENE
VENTXP1,False,True,False,1,,1074.0,ENSG00000259849,TRANSCRIBED_PROCESSED_PSEUDOGENE
VEZTP1,False,True,False,1,,4044.0,ENSG00000224072,PROCESSED_PSEUDOGENE
VSTM2A-OT1,False,True,False,1,,2898.0,ENSG00000224223,LNCRNA
VSTM2B-DT,False,True,False,1,,430.0,ENSG00000264515,LNCRNA
WARS2-AS1,False,True,False,1,,518.0,ENSG00000231365,LNCRNA
WARS2-IT1,False,True,False,1,,1013.0,ENSG00000224238,LNCRNA
WASF3-AS1,False,True,False,1,,4428.0,ENSG00000237001,LNCRNA
WASH2P,False,True,False,1,,4281.0,ENSG00000146556,TRANSCRIBED_UNPROCESSED_PSEUDOGENE
WASH5P,True,True,False,2,3132.0,965.0,ENSG00000282458,TRANSCRIBED_PROCESSED_PSEUDOGENE
WASH7P,True,False,False,1,3274.0,,ENSG00000227232,UNPROCESSED_PSEUDOGENE
WASH9P,True,False,False,1,3537.0,,ENSG00000279457,UNPROCESSED_PSEUDOGENE
WWP1-AS1,False,True,False,1,,4049.0,ENSG00000254231,LNCRNA
XGY2,True,False,False,1,1795.0,,ENSG00000288686,TRANSCRIBED_UNPROCESSED_PSEUDOGENE
XIAPP2,False,True,False,1,,2267.0,ENSG00000254843,PROCESSED_PSEUDOGENE
XIST,True,False,False,1,83.0,,ENSG00000229807,LNCRNA
YBX1P3,False,True,False,1,,343.0,ENSG00000240002,PROCESSED_PSEUDOGENE
YEATS2-AS1,False,True,False,1,,624.0,ENSG00000233885,LNCRNA
YWHAH-AS1,False,True,False,1,,2217.0,ENSG00000128254,LNCRNA
YWHAQP5,False,True,False,1,,3472.0,ENSG00000236564,PROCESSED_PSEUDOGENE
ZBED10P,True,False,False,1,4518.0,,ENSG00000188707,TRANSCRIBED_UNITARY_PSEUDOGENE
ZBED3-AS1,False,True,False,1,,855.0,ENSG00000250802,LNCRNA
ZBTB20-AS1,False,True,False,1,,2921.0,ENSG00000241560,LNCRNA
ZBTB20-AS3,False,True,False,1,,555.0,ENSG00000239946,LNCRNA
ZBTB20-AS5,False,True,False,1,,51.0,ENSG00000242290,LNCRNA
ZBTB45P2,True,False,False,1,4017.0,,ENSG00000226065,PROCESSED_PSEUDOGENE
ZBTB7C-AS1,False,True,False,1,,1081.0,ENSG00000286583,LNCRNA
ZFHX3-AS1,True,False,False,1,2415.0,,ENSG00000259768,LNCRNA
ZKSCAN2-DT,False,True,False,1,,1267.0,ENSG00000274925,LNCRNA
ZNF101P2,False,True,False,1,,3589.0,ENSG00000234473,PROCESSED_PSEUDOGENE
ZNF204P,True,False,False,1,3762.0,,ENSG00000204789,TRANSCRIBED_UNPROCESSED_PSEUDOGENE
ZNF213-AS1,False,True,False,1,,1581.0,ENSG00000263072,LNCRNA
ZNF300P1,True,False,False,1,4376.0,,ENSG00000197083,TRANSCRIBED_UNPROCESSED_PSEUDOGENE
ZNF33BP1,False,True,False,1,,2753.0,ENSG00000225192,PROCESSED_PSEUDOGENE
ZNF350-AS1,False,True,False,1,,191.0,ENSG00000269235,LNCRNA
ZNF37BP,False,True,False,1,,3324.0,ENSG00000234420,TRANSCRIBED_PROCESSED_PSEUDOGENE
ZNF496-DT,False,True,False,1,,3150.0,ENSG00000289234,LNCRNA
ZNF497-AS1,False,True,False,1,,1272.0,ENSG00000269054,LNCRNA
ZNF567-DT,False,True,False,1,,3649.0,ENSG00000225975,LNCRNA
ZNF594-DT,False,True,False,1,,3490.0,ENSG00000261879,LNCRNA
ZNF652-AS1,False,True,False,1,,4919.0,ENSG00000248714,LNCRNA
ZNF652P1,False,True,False,1,,2166.0,ENSG00000235278,PROCESSED_PSEUDOGENE
ZNF75BP,False,True,False,1,,808.0,ENSG00000258212,PROCESSED_PSEUDOGENE
ZNF75CP,False,True,False,1,,149.0,ENSG00000288393,TRANSCRIBED_PROCESSED_PSEUDOGENE
ZNF767P,False,True,False,1,,580.0,ENSG00000133624,TRANSCRIBED_UNPROCESSED_PSEUDOGENE
ZNF790-AS1,False,True,False,1,,3824.0,ENSG00000267254,LNCRNA
